indicator,estimateTotal,estimateCapital,estimateOther_Urban,estimateRural,estimateFemale_HH,estimateMale_HH,estimateYouth_HH,estimateOlder_HH,estimateQ1,estimateQ2,estimateQ3,estimateQ4,estimateQ5
"Access to electricity (grid, SDG 7.1.1)",0.23000000000000001,0.01,0.54000000000000004,0.01,0.38,0.19,0.22,0.23000000000000001,0.02,0.10000000000000001,0.17999999999999999,0.29999999999999999,0.53000000000000003
Any power outage in last 7 days (grid-connected),0.28999999999999998,0.02,0.28999999999999998,0.27000000000000002,0.29999999999999999,0.28000000000000003,0.23000000000000001,0.29999999999999999,0.34000000000000002,0.41000000000000003,0.10000000000000001,0.27000000000000002,0.33000000000000002
Average outage duration (code),2.7800000000000002,2,2.8000000000000003,2.1800000000000002,2.3700000000000001,3.04,3.5700000000000003,2.6899999999999999,,2.6099999999999999,3.9100000000000001,2.3599999999999999,2.8999999999999999
COICOP 10: education (share),0.029999999999999999,0.029999999999999999,0.050000000000000003,0.02,0.040000000000000001,0.029999999999999999,0.029999999999999999,0.029999999999999999,0.029999999999999999,0.029999999999999999,0.029999999999999999,0.040000000000000001,0.029999999999999999
COICOP 11: restaurants & hotels (share),0.12,0.089999999999999997,0.14000000000000001,0.11,0.12,0.12,0.12,0.12,0.080000000000000002,0.11,0.13,0.13,0.14999999999999999
COICOP 12: insurance & financial (share),0,0,0,0,0,0,0,0,0,0,0,0,0
COICOP 13: personal care & effects (share),0.02,0.01,0.02,0.01,0.02,0.02,0.02,0.02,0.01,0.02,0.02,0.02,0.02
COICOP 1: food & non-alc. beverages (share),0.41999999999999998,0.5,0.34000000000000002,0.47000000000000003,0.39000000000000001,0.41999999999999998,0.41999999999999998,0.41000000000000003,0.47000000000000003,0.44,0.41999999999999998,0.40000000000000002,0.35999999999999999
COICOP 2: alcohol & tobacco (share),0.01,0.01,0.01,0.01,0.01,0.01,0.01,0.01,0.01,0.01,0.01,0.01,0.01
COICOP 3: clothing & footwear (share),0.059999999999999998,0.059999999999999998,0.059999999999999998,0.059999999999999998,0.059999999999999998,0.059999999999999998,0.050000000000000003,0.059999999999999998,0.059999999999999998,0.059999999999999998,0.059999999999999998,0.059999999999999998,0.050000000000000003
COICOP 4: housing & utilities (share),0.14000000000000001,0.13,0.16,0.13,0.16,0.14000000000000001,0.14999999999999999,0.14000000000000001,0.14999999999999999,0.14000000000000001,0.14000000000000001,0.14000000000000001,0.14999999999999999
COICOP 5: furnishings & equipment (share),0.040000000000000001,0.040000000000000001,0.050000000000000003,0.040000000000000001,0.050000000000000003,0.040000000000000001,0.040000000000000001,0.040000000000000001,0.050000000000000003,0.040000000000000001,0.040000000000000001,0.040000000000000001,0.050000000000000003
COICOP 6: health (share),0.029999999999999999,0.029999999999999999,0.029999999999999999,0.040000000000000001,0.029999999999999999,0.040000000000000001,0.029999999999999999,0.029999999999999999,0.040000000000000001,0.040000000000000001,0.029999999999999999,0.029999999999999999,0.029999999999999999
COICOP 7: transport (share),0.050000000000000003,0.040000000000000001,0.050000000000000003,0.040000000000000001,0.040000000000000001,0.050000000000000003,0.040000000000000001,0.050000000000000003,0.029999999999999999,0.040000000000000001,0.040000000000000001,0.050000000000000003,0.070000000000000007
COICOP 8: information & communication (share),0.080000000000000002,0.059999999999999998,0.089999999999999997,0.070000000000000007,0.070000000000000007,0.080000000000000002,0.080000000000000002,0.080000000000000002,0.070000000000000007,0.080000000000000002,0.070000000000000007,0.080000000000000002,0.089999999999999997
COICOP 9: recreation & culture (share),0,0,0,0,0,0,0,0,0,0,0,0,0
Connected to electricity grid (SDG7.1.1),0.27000000000000002,0.01,0.55000000000000004,0.01,0.45000000000000001,0.23000000000000001,0.23999999999999999,0.28000000000000003,0.029999999999999999,0.11,0.16,0.34000000000000002,0.60999999999999999
Covariate economic shock,0.64000000000000001,0.60999999999999999,0.67000000000000004,0.62,0.66000000000000003,0.63,0.57999999999999996,0.65000000000000002,0.58999999999999997,0.62,0.65000000000000002,0.67000000000000004,0.67000000000000004
"Covariate natural shock (drought, flood, etc.)",0.35000000000000003,0.48999999999999999,0.14999999999999999,0.48999999999999999,0.25,0.37,0.33000000000000002,0.35000000000000003,0.42999999999999999,0.42999999999999999,0.37,0.29999999999999999,0.20999999999999999
Covariate violence/conflict shock,0.050000000000000003,0.070000000000000007,0.01,0.070000000000000007,0.02,0.050000000000000003,0.040000000000000001,0.050000000000000003,0.040000000000000001,0.080000000000000002,0.040000000000000001,0.040000000000000001,0.029999999999999999
Cultivated area (ha),9090613.2400000002,53028771.380000003,1.51,10777977.189999999,2.02,10358922.32,2.1000000000000001,10525584.800000001,3.1000000000000001,11.23,2.6899999999999999,57885743.880000003,1.9399999999999999
Days with an outage (last 7),2.3700000000000001,3,2.3199999999999998,4.0700000000000003,2.3799999999999999,2.3599999999999999,2.1899999999999999,2.3900000000000001,7,2.4700000000000002,2,2.23,2.2600000000000002
Durable floor materials,0.57000000000000006,0.33000000000000002,0.94000000000000006,0.31,0.73999999999999999,0.54000000000000004,0.52000000000000002,0.57999999999999996,0.28999999999999998,0.46000000000000002,0.57999999999999996,0.70999999999999996,0.83999999999999997
Durable roof materials,0.93000000000000005,0.71999999999999997,0.98999999999999999,0.88,0.95999999999999996,0.92000000000000004,0.90000000000000002,0.93000000000000005,0.91000000000000003,0.92000000000000004,0.92000000000000004,0.93000000000000005,0.96999999999999997
Durable wall materials,0.32000000000000001,0.26000000000000001,0.42999999999999999,0.25,0.35999999999999999,0.32000000000000001,0.31,0.33000000000000002,0.28999999999999998,0.26000000000000001,0.32000000000000001,0.35000000000000003,0.41000000000000003
"Employed (activ12m, 15–64)",0.68000000000000005,0.81000000000000005,0.51000000000000001,0.83000000000000007,0.65000000000000002,0.71999999999999997,0.59999999999999998,0.83999999999999997,0.78000000000000003,0.75,0.68000000000000005,0.62,0.59999999999999998
Employed in agriculture (% of employed),0.63,0.83000000000000007,0.17000000000000001,0.88,0.68000000000000005,0.57999999999999996,0.66000000000000003,0.57999999999999996,0.87,0.77000000000000002,0.67000000000000004,0.52000000000000002,0.31
Employed in industry (% of employed),0.11,0.050000000000000003,0.23000000000000001,0.040000000000000001,0.070000000000000007,0.14999999999999999,0.11,0.11,0.040000000000000001,0.080000000000000002,0.11,0.14000000000000001,0.17999999999999999
Employed in services (% of employed),0.26000000000000001,0.12,0.59999999999999998,0.080000000000000002,0.25,0.27000000000000002,0.23000000000000001,0.31,0.089999999999999997,0.14999999999999999,0.23000000000000001,0.33000000000000002,0.51000000000000001
Exposed to any shock (past 3 years),0.89000000000000001,0.91000000000000003,0.88,0.91000000000000003,0.91000000000000003,0.89000000000000001,0.89000000000000001,0.89000000000000001,0.90000000000000002,0.91000000000000003,0.90000000000000002,0.88,0.88
Food consumption share,0.41999999999999998,0.5,0.34000000000000002,0.47000000000000003,0.39000000000000001,0.41999999999999998,0.41999999999999998,0.41000000000000003,0.47000000000000003,0.44,0.41999999999999998,0.40000000000000002,0.35999999999999999
HE age (years),6.0499999999999998,5.7800000000000002,5.9000000000000004,6.2700000000000005,6.1200000000000001,6.0200000000000005,4.29,6.3300000000000001,4.54,7.0700000000000003,5.79,6.5099999999999998,6.0700000000000003
HE buys from firms/state,0.16,0.040000000000000001,0.20000000000000001,0.080000000000000002,0.27000000000000002,0.12,0.17999999999999999,0.14999999999999999,0.089999999999999997,0.12,0.070000000000000007,0.23000000000000001,0.20999999999999999
HE capital stock (FCFA),21904.139999999999,60437.860000000001,14897.92,37492.440000000002,4538.8800000000001,27273.110000000001,19749.09,22252.420000000002,66105.910000000003,12554.800000000001,11197.09,11714.120000000001,20794.389999999999
HE costs (FCFA),3456.3099999999999,1456.6800000000001,5596.3199999999997,1403.8299999999999,4606.5799999999999,3156.6300000000001,4343.6199999999999,3305.04,853.26999999999998,2710.5599999999999,3156.02,3272.2400000000002,6367.54
HE has any credit access,0.28000000000000003,0.28000000000000003,0.29999999999999999,0.25,0.39000000000000001,0.25,0.26000000000000001,0.28999999999999998,0.27000000000000002,0.27000000000000002,0.19,0.35999999999999999,0.31
HE has electricity,0.71999999999999997,0,0.77000000000000002,0,1,0.69000000000000006,1,0.70999999999999996,,1,0,1,0.68000000000000005
HE has external (non-HH) employees,1,1,1,1,1,1,1,1,1,1,1,1,1
HE has formal credit access,0.029999999999999999,0.050000000000000003,0.02,0.050000000000000003,0.02,0.029999999999999999,0,0.029999999999999999,0.01,0.040000000000000001,0.029999999999999999,0.029999999999999999,0.029999999999999999
HE has formal premises,0.040000000000000001,0.040000000000000001,0.050000000000000003,0.02,0.02,0.050000000000000003,0.01,0.050000000000000003,0,0.040000000000000001,0.02,0.050000000000000003,0.070000000000000007
HE has informal credit access,0.26000000000000001,0.23000000000000001,0.28999999999999998,0.20000000000000001,0.38,0.22,0.26000000000000001,0.26000000000000001,0.26000000000000001,0.26000000000000001,0.16,0.34000000000000002,0.28000000000000003
HE has phone,0.98999999999999999,0.95000000000000007,0.98999999999999999,0.97999999999999998,0.97999999999999998,0.98999999999999999,0.98999999999999999,0.98999999999999999,0.98999999999999999,0.95000000000000007,1,1,0.98999999999999999
HE has tax ID,0.080000000000000002,0.050000000000000003,0.10000000000000001,0.040000000000000001,0.080000000000000002,0.080000000000000002,0.070000000000000007,0.080000000000000002,0,0.070000000000000007,0.080000000000000002,0.14999999999999999,0.070000000000000007
HE has water,0.35000000000000003,0,0.37,0,1,0.27000000000000002,1,0.32000000000000001,,1,0,0.73999999999999999,0.089999999999999997
HE keeps accounts,0.050000000000000003,0.02,0.070000000000000007,0.02,0,0.059999999999999998,0.040000000000000001,0.050000000000000003,0.040000000000000001,0.029999999999999999,0,0.070000000000000007,0.080000000000000002
HE operates from home,0.57999999999999996,0.59999999999999998,0.56000000000000005,0.62,0.62,0.56000000000000005,0.64000000000000001,0.57000000000000006,0.67000000000000004,0.48999999999999999,0.59999999999999998,0.55000000000000004,0.57999999999999996
HE pays rent,1,1,1,1,1,1,1,1,,1,1,1,1
HE profits (FCFA),4463.6099999999997,1684.51,7917.1000000000004,1216.8500000000001,3152.54,4805.1900000000005,6915.8299999999999,4045.5599999999999,756.27999999999997,3182.2200000000003,2703.5,4321.1499999999996,9861.8400000000001
HE revenue per worker (FCFA),202208.48000000001,,202208.48000000001,,2375,212554.64000000001,440710.91999999998,111984.42,,,,29948.580000000002,333622.57000000001
HE sells to firms/state,0.070000000000000007,0.059999999999999998,0.080000000000000002,0.050000000000000003,0.14999999999999999,0.050000000000000003,0.040000000000000001,0.080000000000000002,0.089999999999999997,0.059999999999999998,0.050000000000000003,0.13,0.040000000000000001
HH cultivates agricultural land (superf > 0),0.65000000000000002,0.88,0.22,0.95000000000000007,0.41000000000000003,0.70000000000000007,0.63,0.65000000000000002,0.91000000000000003,0.81000000000000005,0.68000000000000005,0.51000000000000001,0.33000000000000002
HH employees in HE,0,0,0,0,0,0,0,0,0,0,0,0,0
HH has 0 HE,0.41000000000000003,0.41999999999999998,0.29999999999999999,0.52000000000000002,0.37,0.41999999999999998,0.44,0.41000000000000003,0.51000000000000001,0.40000000000000002,0.41999999999999998,0.35999999999999999,0.38
HH has 1 HE,0.46000000000000002,0.47999999999999998,0.53000000000000003,0.40000000000000002,0.53000000000000003,0.45000000000000001,0.48999999999999999,0.46000000000000002,0.39000000000000001,0.47000000000000003,0.47000000000000003,0.51000000000000001,0.46000000000000002
HH has 2 HE,0.11,0.089999999999999997,0.14999999999999999,0.080000000000000002,0.089999999999999997,0.12,0.050000000000000003,0.12,0.10000000000000001,0.10000000000000001,0.10000000000000001,0.12,0.14000000000000001
HH has 3 HE,0.01,0,0.02,0,0.01,0.01,0.01,0.01,0,0.02,0.01,0.01,0.01
HH has 4+ HE,0,0,0,0,0,0,0,0,0,0,0,0,0
HH has internet access,0,,0,,,0,0,0,,,0,,0
HH has non-agric enterprise owner,0.40000000000000002,0.25,0.64000000000000001,0.23999999999999999,0.5,0.38,0.38,0.41000000000000003,0.27000000000000002,0.37,0.40000000000000002,0.48999999999999999,0.5
HH owns a non-agric enterprise,0.58999999999999997,0.57999999999999996,0.70000000000000007,0.47999999999999998,0.63,0.57999999999999996,0.56000000000000005,0.58999999999999997,0.48999999999999999,0.59999999999999998,0.57999999999999996,0.64000000000000001,0.62
HH owns any livestock,0.65000000000000002,0.83999999999999997,0.34000000000000002,0.87,0.5,0.69000000000000006,0.58999999999999997,0.66000000000000003,0.83999999999999997,0.78000000000000003,0.67000000000000004,0.57000000000000006,0.40000000000000002
Has health insurance/coverage (couvmal),0,0,0.01,0,0,0,0,0,0,0,0,0,0.01
Housing & utilities burden (COICOP 4 share of total cons.),0.14000000000000001,0.13,0.16,0.13,0.16,0.14000000000000001,0.14999999999999999,0.14000000000000001,0.14999999999999999,0.14000000000000001,0.14000000000000001,0.14000000000000001,0.14999999999999999
Idiosyncratic economic shock,0.31,0.38,0.31,0.31,0.28000000000000003,0.31,0.28999999999999998,0.31,0.28000000000000003,0.32000000000000001,0.29999999999999999,0.31,0.32000000000000001
Improved lighting (grid or solar),0.31,0.02,0.63,0.02,0.5,0.26000000000000001,0.28000000000000003,0.32000000000000001,0.029999999999999999,0.13,0.20000000000000001,0.41000000000000003,0.66000000000000003
Informal electricity connection (neighbour/pole),0.02,0,0.040000000000000001,0,0.029999999999999999,0.02,0.01,0.02,0,0.01,0.02,0.050000000000000003,0.02
Main HE owner is female,0.62,0.53000000000000003,0.65000000000000002,0.57999999999999996,0.70000000000000007,0.59999999999999998,0.54000000000000004,0.64000000000000001,0.65000000000000002,0.67000000000000004,0.62,0.70999999999999996,0.52000000000000002
Main HE owner is married,0.35999999999999999,0.31,0.31,0.46000000000000002,0.059999999999999998,0.45000000000000001,0.29999999999999999,0.37,0.47000000000000003,0.45000000000000001,0.25,0.34000000000000002,0.35000000000000003
Market food share (% total cons.),0.27000000000000002,0.20999999999999999,0.29999999999999999,0.25,0.28999999999999998,0.27000000000000002,0.26000000000000001,0.27000000000000002,0.26000000000000001,0.26000000000000001,0.27000000000000002,0.28000000000000003,0.28000000000000003
Monthly electricity spend (FCFA),14608.700000000001,13524.08,14727.800000000001,8697.8899999999994,13225.639999999999,15299.65,11907.48,15015.43,2802.4099999999999,15434.52,12146.92,14634.030000000001,15426.35
Non-HH employees in HE,0.47999999999999998,0.17999999999999999,0.53000000000000003,0.38,0.070000000000000007,0.59999999999999998,0.35000000000000003,0.5,0.34000000000000002,0.52000000000000002,0.14999999999999999,1,0.32000000000000001
Non-food consumption share,0.58999999999999997,0.5,0.66000000000000003,0.54000000000000004,0.60999999999999999,0.57999999999999996,0.57999999999999996,0.58999999999999997,0.53000000000000003,0.56000000000000005,0.58999999999999997,0.60999999999999999,0.65000000000000002
Non-wage employed (% of employed),0.78000000000000003,0.91000000000000003,0.52000000000000002,0.91000000000000003,0.85999999999999999,0.69000000000000006,0.79000000000000004,0.76000000000000001,0.90000000000000002,0.84999999999999998,0.79000000000000004,0.73999999999999999,0.59999999999999998
Number of employees in HE,0.22,0,0.28999999999999998,0,0.059999999999999998,0.26000000000000001,0.40000000000000002,0.19,0,0,0,0.23999999999999999,0.41000000000000003
Number poor $3.00/day (millions),0.70000000000000007,0.11,0.080000000000000002,0.60999999999999999,0.070000000000000007,0.62,0.10000000000000001,0.59999999999999998,0.35000000000000003,0.29999999999999999,0.050000000000000003,0,0
Number poor $4.20/day (millions),1.0900000000000001,0.17000000000000001,0.22,0.84999999999999998,0.14999999999999999,0.94000000000000006,0.14999999999999999,0.94000000000000006,0.35000000000000003,0.35000000000000003,0.29999999999999999,0.089999999999999997,0
Own-production food share (% total cons.),0.10000000000000001,0.22,0.01,0.17000000000000001,0.050000000000000003,0.12,0.11,0.10000000000000001,0.16,0.13,0.11,0.080000000000000002,0.040000000000000001
Owns ceiling fan,0.02,0,0.050000000000000003,0,0.029999999999999999,0.02,0.029999999999999999,0.02,0,0,0.01,0.029999999999999999,0.070000000000000007
Owns wall AC/split,0.01,0,0.02,0,0,0.01,0,0.01,0,0,0,0,0.040000000000000001
Owns water heater,0.02,0,0.050000000000000003,0,0.050000000000000003,0.02,0.029999999999999999,0.02,0,0.01,0.01,0.01,0.080000000000000002
Poor at $3.00/day (2021 PPP),0.40000000000000002,0.52000000000000002,0.11,0.59999999999999998,0.22,0.44,0.40000000000000002,0.40000000000000002,1,0.83999999999999997,0.14999999999999999,0,0
Poor at $4.20/day (2021 PPP),0.62,0.79000000000000004,0.31,0.83999999999999997,0.44,0.66000000000000003,0.60999999999999999,0.62,1,1,0.84999999999999998,0.26000000000000001,0
Prepaid meter (among grid-connected),0.60999999999999999,0,0.60999999999999999,0.44,0.54000000000000004,0.64000000000000001,0.70999999999999996,0.58999999999999997,0.55000000000000004,0.51000000000000001,0.60999999999999999,0.58999999999999997,0.63
Primary cooking fuel biomass (wood/charcoal),0.97999999999999998,0.98999999999999999,0.95000000000000007,1,0.96999999999999997,0.97999999999999998,0.97999999999999998,0.97999999999999998,0.98999999999999999,1,0.98999999999999999,0.97999999999999998,0.93000000000000005
Primary cooking fuel clean (gas/electricity),0.02,0,0.040000000000000001,0,0.02,0.02,0.02,0.02,0,0,0.01,0.02,0.059999999999999998
Proxy: owns gas/electric cooker (cuisin),0.040000000000000001,0.01,0.10000000000000001,0,0.070000000000000007,0.040000000000000001,0.029999999999999999,0.050000000000000003,0,0.01,0.01,0.040000000000000001,0.16
Safe drinking water – dry season,0.75,0.57999999999999996,0.90000000000000002,0.64000000000000001,0.82000000000000006,0.72999999999999998,0.72999999999999998,0.75,0.64000000000000001,0.69000000000000006,0.72999999999999998,0.79000000000000004,0.88
Sanitary toilet facility,0.25,0.089999999999999997,0.48999999999999999,0.089999999999999997,0.37,0.22,0.25,0.25,0.10000000000000001,0.11,0.23000000000000001,0.29999999999999999,0.53000000000000003
Share of HH workers in trade/commerce,0.13,0.059999999999999998,0.25,0.040000000000000001,0.20999999999999999,0.11,0.14000000000000001,0.13,0.059999999999999998,0.10000000000000001,0.14000000000000001,0.17000000000000001,0.20000000000000001
Share of HH workers in transport,0.029999999999999999,0.01,0.059999999999999998,0.01,0.040000000000000001,0.029999999999999999,0.029999999999999999,0.029999999999999999,0.01,0.029999999999999999,0.029999999999999999,0.040000000000000001,0.050000000000000003
Share of HH workers informally employed,0.73999999999999999,0.89000000000000001,0.51000000000000001,0.90000000000000002,0.65000000000000002,0.76000000000000001,0.75,0.73999999999999999,0.88,0.82000000000000006,0.75,0.69000000000000006,0.55000000000000004
Tropical Livestock Units (TLU),2.4100000000000001,2.1600000000000001,0.37,3.8900000000000001,0.79000000000000004,2.8000000000000003,1.7,2.52,4.3600000000000003,2.96,2.1099999999999999,1.7,0.91000000000000003
Uses grid electricity,0.26000000000000001,0.01,0.60999999999999999,0.01,0.42999999999999999,0.22,0.25,0.26000000000000001,0.029999999999999999,0.11,0.20999999999999999,0.35000000000000003,0.58999999999999997
Uses solar/generator electricity,0.47000000000000003,0.66000000000000003,0.17999999999999999,0.67000000000000004,0.28000000000000003,0.51000000000000001,0.47999999999999998,0.46000000000000002,0.67000000000000004,0.56000000000000005,0.5,0.37,0.23999999999999999
Wage-employed (% of employed),0.22,0.089999999999999997,0.47999999999999998,0.089999999999999997,0.14000000000000001,0.31,0.20999999999999999,0.23999999999999999,0.10000000000000001,0.14999999999999999,0.20999999999999999,0.26000000000000001,0.40000000000000002
wood_dist [ALL MISSING],,,,,,,,,,,,,
≥1 HH member has health coverage (proxy social protection),0.01,0,0.02,0,0.01,0.01,0,0.01,0,0,0,0,0.029999999999999999
