"MDSTRUCTURE","MDSTRUCTURE_ID","METADATASET_ID","TARGET_TYPES","TARGET_IDS","TEXT.SLOT","TEXT.REF_AREA","TEXT.TIME_PERIOD","TEXT.ORDER","TEXT.TITLE","TEXT.BODY","TEXT.UPDATED_ON"
"metadataflow","WB.AFW360:MDF_AFW360(0.3.0)","WB.AFW360:MDS_TEXT_about_SEN_2021_1","dataflow","WB.AFW360:AFW360_HH(0.3.0)","about","SEN","2021","1","","The official national poverty and inequality statistics for Senegal are derived from the second round of the Enquête Harmonisée sur les Conditions de Vie des Ménages (EHCVM), a harmonized survey program across WAEMU countries, conducted by the Agence Nationale de la Statistique et de la Démographie (ANSD). The latest household survey was carried out between November 2021 and September 2022 (EHCVM 2021), and the data is comparable to the EHCVM 2018. The EHCVM is a nationally representative survey of 7,100 households, which also represents the geopolitical zones at both urban and rural levels. Survey microdata is publicly available through the World Bank Microdata Library. The next round of the EHCVM is scheduled for 2025.

The welfare metric used to estimate poverty is consumption per capita. The food poverty line reflects the cost of consuming 2,100 kilocalories per person per day, while the total poverty line is estimated to cover the expenditure necessary to meet non-food needs. The cost-of-the-basic-needs poverty line, estimated using the EHCVM 2018, was CFA 519.8 per capita per day in current prices. This resulted in a national headcount rate of 37.5 percent in 2021. International poverty rates use consumption per capita, adjusted for temporal and spatial cost-of-living differences across agroecological zones and areas of residence. Welfare projections beyond 2021 are based on microsimulations that rely on EHCVM 2021 microdata and macroeconomic data, including sectoral and GDP growth and inflation rates.
","2026-09-21"
"metadataflow","WB.AFW360:MDF_AFW360(0.3.0)","WB.AFW360:MDS_TEXT_messages_SEN_2021_1","dataflow","WB.AFW360:AFW360_HH(0.3.0)","messages","SEN","2021","1","Poverty Patterns and Trends","In 2026, stronger economic activity and easing inflation are expected to reduce poverty to ## percent, leaving over ## million people below the $4.20/day (2021 PPP) line. Growth has been driven in part by hydrocarbons, but employment gains remain limited, as mining and extractives employ few workers. By contrast, favorable rainfall and sustained agricultural growth are expected to raise incomes among poorer households.","2026-09-21"
"metadataflow","WB.AFW360:MDF_AFW360(0.3.0)","WB.AFW360:MDS_TEXT_messages_SEN_2021_2","dataflow","WB.AFW360:AFW360_HH(0.3.0)","messages","SEN","2021","2","Drivers of Inequality","Persistent spatial disparities between Dakar and other regions and unequal access to services, economic opportunities, and overlapping deficits in income and human development shape inequality (Gini: ##). Poverty rates are higher in rural areas (## percent), where most poor households rely on agriculture, while in urban areas (## percent), poverty is concentrated in low-productivity informal services. Despite lower poverty rates, the large populations in Thiès and Diourbel imply that a substantial share of the poor resides in urban areas.","2026-09-21"
"metadataflow","WB.AFW360:MDF_AFW360(0.3.0)","WB.AFW360:MDS_TEXT_messages_SEN_2021_3","dataflow","WB.AFW360:AFW360_HH(0.3.0)","messages","SEN","2021","3","Constraints to Inclusive Growth","Inclusive growth remains constrained by low human capital, infrastructure gaps, and limited access to productive jobs, keeping many households in low-productivity agriculture and informal activities. Spatial disparities and weak market integration further limit participation in growth, particularly in rural and lagging areas. External pressures—including climate shocks, regional instability, and youth outmigration—amplify these constraints and undermine resilience.","2026-09-21"
"metadataflow","WB.AFW360:MDF_AFW360(0.3.0)","WB.AFW360:MDS_TEXT_about_GNB_2021_1","dataflow","WB.AFW360:AFW360_HH(0.3.0)","about","GNB","2021","1","","TBD","2026-09-21"
"metadataflow","WB.AFW360:MDF_AFW360(0.3.0)","WB.AFW360:MDS_TEXT_messages_GNB_2021_1","dataflow","WB.AFW360:AFW360_HH(0.3.0)","messages","GNB","2021","1","Poverty Patterns and Trends","TBD","2026-09-21"
"metadataflow","WB.AFW360:MDF_AFW360(0.3.0)","WB.AFW360:MDS_TEXT_messages_GNB_2021_2","dataflow","WB.AFW360:AFW360_HH(0.3.0)","messages","GNB","2021","2","Drivers of Inequality","TBD","2026-09-21"
"metadataflow","WB.AFW360:MDF_AFW360(0.3.0)","WB.AFW360:MDS_TEXT_messages_GNB_2021_3","dataflow","WB.AFW360:AFW360_HH(0.3.0)","messages","GNB","2021","3","Constraints to Inclusive Growth","TBD","2026-09-21"
