code,name_en,definition_en,status,version_added,replaced_by,notes,describes,applies_to_units,universe,classification,partition,requires_qual,slot_order,owner
QUINT,Consumption quintile,"Quintile (fifth) of household consumption per capita, Q1 the poorest fifth to Q5 the richest fifth. Whether the ranking is done nationally or within area, and whether it is population- or household-weighted, is an open decision: to be confirmed.",DRAFT,0.1.0,,Ranking level (national vs. within-area) and weighting to be confirmed.,HH,IND HH HE,All households,,Y,,10,AFW DIP/POV team
DEC_MKT,Market income decile,"Decile (tenth) of household market income, D01 the poorest tenth to D10 the richest tenth, used for fiscal incidence analysis. Ranks households by market income, so its ordering differs from QUINT, which ranks by consumption per capita.",DRAFT,0.1.0,,,HH,IND HH,All households,,Y,,15,AFW DIP/POV team
HHH_SEX,Sex of household head,Sex of the household head: female or male.,DRAFT,0.1.0,,,HHH,IND HH HE,All households,,Y,,20,AFW DIP/POV team
HHH_AGE,Age of household head,"Age group of the household head, split into below and at-or-above a cutoff age. The cutoff is unconfirmed: the category codes (LT35 / GE35) put it at 35, but the dashboard's existing label implies 29 or 30 (H17); to be confirmed.",DRAFT,0.1.0,,"Cutoff age unconfirmed: codes say 35, dashboard label implies 29 or 30 (H17).",HHH,IND HH HE,All households,,Y,,30,AFW DIP/POV team
POOR,Poverty status,"Whether the household is poor, at the poverty line named by the POVLINE qualifier (and, where relevant, the PPP round named by the PPP qualifier) of the same observation.",DRAFT,0.1.0,,,HH,IND HH HE,All households,,Y,POVLINE PPP,40,AFW DIP/POV team
HE_COUNT,Number of household enterprises,"Number of non-agricultural household enterprises operated by the household: 0, 1, 2, 3, or 4 or more.",DRAFT,0.1.0,,,HH,HH IND,All households,,Y,,50,AFW DIP/POV team
EMP_STATUS,Employment status,"Whether the person was employed at any time in the 12 months before the survey, or not employed.",DRAFT,0.1.0,,,IND,IND,Persons aged 15-64,,Y,,55,AFW DIP/POV team
EMP_SECTOR,Employment sector (aggregated),Broad sector of the employed person's main job under ISIC Rev.4: AGR is section A; IND is sections B to F; SER is sections G to U.,DRAFT,0.1.0,,,IND,IND,Employed persons aged 15-64,ISIC Rev.4,Y,,60,AFW DIP/POV team
EMP_ISIC,Employment sector (ISIC section),"Section of the employed person's main job under ISIC Rev.4, sections A to U. The universe is unconfirmed: the legacy label reads 'HH workers' (H5), so whether this covers all employed persons or a narrower group (e.g. household-enterprise workers only) is to be confirmed.",DRAFT,0.1.0,,Universe unconfirmed: legacy label says 'HH workers' (H5).,IND,IND,TBD,ISIC Rev.4,Y,,62,AFW DIP/POV team
EMP_TYPE,Employment type,"Wage employment versus non-wage employment (self-employment and unpaid family work), classified under the international classification of status in employment (ICSE).",DRAFT,0.1.0,,,IND,IND,Employed persons aged 15-64 (assumed),ICSE,Y,,65,AFW DIP/POV team
EMP_FORMAL,Formality status,Whether the person's employment is formal (Y) or informal (N). The universe is unconfirmed (H6): to be confirmed.,DRAFT,0.1.0,,Universe unconfirmed (H6).,IND,IND,TBD,,Y,,70,AFW DIP/POV team
HEO_SEX,Sex of enterprise owner,Sex of the main owner of the non-agricultural household enterprise.,DRAFT,0.1.0,,,HE,HE,Non-agricultural household enterprises,,Y,,80,AFW DIP/POV team
HEO_MSTAT,Marital status of enterprise owner,Whether the main owner of the non-agricultural household enterprise is married.,DRAFT,0.1.0,,,HE,HE,Non-agricultural household enterprises,,Y,,85,AFW DIP/POV team
