code,name_en,definition_en,status,version_added,replaced_by,notes,ref_area,scheme,parent,source_id,geom_layer,valid_from,valid_to,global_urn
SN,Sénégal,ADM0 unit of SEN in boundary source SEN_CODAB_v02,DRAFT,0.1.0,,Geometry-only; no legacy source column (gap k). GEO=SN is distinct from GEO=_T (whole-country total).,SEN,ADM0,,SEN_CODAB_v02,adm0,2024-05-20,,
SN01,Dakar,ADM1 unit of SEN in boundary source SEN_CODAB_v02,DRAFT,0.1.0,,,SEN,ADM1,,SEN_CODAB_v02,adm1,2024-05-20,,
SN02,Diourbel,ADM1 unit of SEN in boundary source SEN_CODAB_v02,DRAFT,0.1.0,,,SEN,ADM1,,SEN_CODAB_v02,adm1,2024-05-20,,
SN03,Fatick,ADM1 unit of SEN in boundary source SEN_CODAB_v02,DRAFT,0.1.0,,,SEN,ADM1,,SEN_CODAB_v02,adm1,2024-05-20,,
SN04,Kaffrine,ADM1 unit of SEN in boundary source SEN_CODAB_v02,DRAFT,0.1.0,,,SEN,ADM1,,SEN_CODAB_v02,adm1,2024-05-20,,
SN05,Kaolack,ADM1 unit of SEN in boundary source SEN_CODAB_v02,DRAFT,0.1.0,,,SEN,ADM1,,SEN_CODAB_v02,adm1,2024-05-20,,
SN06,Kédougou,ADM1 unit of SEN in boundary source SEN_CODAB_v02,DRAFT,0.1.0,,,SEN,ADM1,,SEN_CODAB_v02,adm1,2024-05-20,,
SN07,Kolda,ADM1 unit of SEN in boundary source SEN_CODAB_v02,DRAFT,0.1.0,,,SEN,ADM1,,SEN_CODAB_v02,adm1,2024-05-20,,
SN08,Louga,ADM1 unit of SEN in boundary source SEN_CODAB_v02,DRAFT,0.1.0,,,SEN,ADM1,,SEN_CODAB_v02,adm1,2024-05-20,,
SN09,Matam,ADM1 unit of SEN in boundary source SEN_CODAB_v02,DRAFT,0.1.0,,,SEN,ADM1,,SEN_CODAB_v02,adm1,2024-05-20,,
SN10,Saint-Louis,ADM1 unit of SEN in boundary source SEN_CODAB_v02,DRAFT,0.1.0,,,SEN,ADM1,,SEN_CODAB_v02,adm1,2024-05-20,,
SN11,Sédhiou,ADM1 unit of SEN in boundary source SEN_CODAB_v02,DRAFT,0.1.0,,,SEN,ADM1,,SEN_CODAB_v02,adm1,2024-05-20,,
SN12,Tambacounda,ADM1 unit of SEN in boundary source SEN_CODAB_v02,DRAFT,0.1.0,,,SEN,ADM1,,SEN_CODAB_v02,adm1,2024-05-20,,
SN13,Thiès,ADM1 unit of SEN in boundary source SEN_CODAB_v02,DRAFT,0.1.0,,,SEN,ADM1,,SEN_CODAB_v02,adm1,2024-05-20,,
SN14,Ziguinchor,ADM1 unit of SEN in boundary source SEN_CODAB_v02,DRAFT,0.1.0,,,SEN,ADM1,,SEN_CODAB_v02,adm1,2024-05-20,,
SN_ZONES01,Dakar,"ZONES unit of SEN, as used in the legacy tables",DRAFT,0.1.0,,,SEN,ZONES,,,,TBD,,
SN_ZONES02,Kaolack / Fatick / Kaffrine,"ZONES unit of SEN, as used in the legacy tables",DRAFT,0.1.0,,,SEN,ZONES,,,,TBD,,
SN_ZONES03,Kédougou,"ZONES unit of SEN, as used in the legacy tables",DRAFT,0.1.0,,,SEN,ZONES,,,,TBD,,
SN_ZONES04,Saint-Louis / Matam,"ZONES unit of SEN, as used in the legacy tables",DRAFT,0.1.0,,,SEN,ZONES,,,,TBD,,
SN_ZONES05,Thiès / Diourbel / Louga,"ZONES unit of SEN, as used in the legacy tables",DRAFT,0.1.0,,,SEN,ZONES,,,,TBD,,
SN_ZONES06,Ziguinchor / Tambacounda / Kolda (TBD: legacy header truncated at 32 chars),"ZONES unit of SEN, as used in the legacy tables",DRAFT,0.1.0,,Legacy header estimateZiguinchor_Tamba_Kolda_S is truncated at 32 chars; full zone name TBD (gap v).,SEN,ZONES,,,,TBD,,
GW,Guinea-Bissau,ADM0 unit of GNB in boundary source GNB_CODAB_V01,DRAFT,0.1.0,,Geometry-only; no legacy source column (gap k).,GNB,ADM0,,GNB_CODAB_V01,adm0,2021-06-09,,
GW01,Bafata,ADM1 unit of GNB in boundary source GNB_CODAB_V01,DRAFT,0.1.0,,,GNB,ADM1,,GNB_CODAB_V01,adm1,2021-06-09,,
GW02,Biombo,ADM1 unit of GNB in boundary source GNB_CODAB_V01,DRAFT,0.1.0,,,GNB,ADM1,,GNB_CODAB_V01,adm1,2021-06-09,,
GW03,Bolama/Bijagos,ADM1 unit of GNB in boundary source GNB_CODAB_V01,DRAFT,0.1.0,,,GNB,ADM1,,GNB_CODAB_V01,adm1,2021-06-09,,
GW04,Cacheu,ADM1 unit of GNB in boundary source GNB_CODAB_V01,DRAFT,0.1.0,,,GNB,ADM1,,GNB_CODAB_V01,adm1,2021-06-09,,
GW05,Gabu,ADM1 unit of GNB in boundary source GNB_CODAB_V01,DRAFT,0.1.0,,,GNB,ADM1,,GNB_CODAB_V01,adm1,2021-06-09,,
GW06,Oio,ADM1 unit of GNB in boundary source GNB_CODAB_V01,DRAFT,0.1.0,,,GNB,ADM1,,GNB_CODAB_V01,adm1,2021-06-09,,
GW07,Quinara,ADM1 unit of GNB in boundary source GNB_CODAB_V01,DRAFT,0.1.0,,,GNB,ADM1,,GNB_CODAB_V01,adm1,2021-06-09,,
GW08,Bissau,ADM1 unit of GNB in boundary source GNB_CODAB_V01,DRAFT,0.1.0,,"Legacy column SAB = Sector Autónomo de Bissau, mapped to GW08 (Bissau).",GNB,ADM1,,GNB_CODAB_V01,adm1,2021-06-09,,
GW09,Tombali,ADM1 unit of GNB in boundary source GNB_CODAB_V01,DRAFT,0.1.0,,,GNB,ADM1,,GNB_CODAB_V01,adm1,2021-06-09,,
GW_AEZ01,Zona Plana de Centro-Bissau (TBD: legacy header truncated at 32 chars),"AEZ unit of GNB, as used in the legacy tables",DRAFT,0.1.0,,Legacy header estimateZona_Plana_de_Centro_Bis is truncated at 32 chars; full zone name TBD (gap v).,GNB,AEZ,,,,TBD,,
GW_AEZ02,Zonas Costeiras do Sul,"AEZ unit of GNB, as used in the legacy tables",DRAFT,0.1.0,,,GNB,AEZ,,,,TBD,,
GW_AEZ03,Zonas Montanhosas de Leste (TBD: legacy header truncated at 32 chars),"AEZ unit of GNB, as used in the legacy tables",DRAFT,0.1.0,,Legacy header estimateZonas_Montanhosas_de_Les is truncated at 32 chars; full zone name TBD (gap v).,GNB,AEZ,,,,TBD,,
GW_AEZ04,Zonas Planas de Norte,"AEZ unit of GNB, as used in the legacy tables",DRAFT,0.1.0,,,GNB,AEZ,,,,TBD,,
