code,name_en,definition_en,status,version_added,replaced_by,notes,short_name_en,theme,stat_unit,universe_unit,universe_filter,numerator,statistic,weight,ref_period,qualifiers,excluded_breakdowns,unit_measure,unit_denom,unit_time,price_basis,price_ref_year,display_as,decimals,valid_min,valid_max,checks,higher_is,sdg_indicator,classification,related,related_note,source_questionnaire,source_vars,program,owner
AGR_CULT_AREA,Cultivated area,"Area of land cultivated by the household, in hectares.",DRAFT,0.1.0,,"H19: values above 100 ha (the valid_max) are withheld from GNB cells, including the whole Capital column, via LEGACY_OVERRIDES (decision D5); those cells are absent from the input, not zero.",Cultivated area,AGR,HH,HH,,,MEAN,HH,INTERVIEW,_Z,,HA,,,,,NUMBER,2,0,100,RANGE_NONNEG AGG_BRACKET,NEUTRAL,,,,,TBD,TBD,TBD,AFW DIP/POV team
AGR_CULTIVATES,Household cultivates land,Whether the household cultivates any agricultural land (surface area greater than zero).,DRAFT,0.1.0,,,Cultivates land,AGR,HH,HH,,Households cultivating agricultural land,PROPORTION,HH,INTERVIEW,_Z,,SHARE,,,,,PERCENT,1,0,1,RANGE_0_1 AGG_BRACKET,NEUTRAL,,,,,TBD,superf,TBD,AFW DIP/POV team
AGR_LIVESTOCK_ANY,Household owns livestock,Whether the household owns any livestock.,DRAFT,0.1.0,,,Owns livestock,AGR,HH,HH,,Households owning any livestock,PROPORTION,HH,INTERVIEW,_Z,,SHARE,,,,,PERCENT,1,0,1,RANGE_0_1 AGG_BRACKET,BETTER,,,,,TBD,TBD,TBD,AFW DIP/POV team
AGR_TLU,Tropical Livestock Units,Household livestock holdings converted to a common Tropical Livestock Unit scale.,DRAFT,0.1.0,,,Livestock (TLU),AGR,HH,HH,,,MEAN,HH,INTERVIEW,_Z,,TLU,,,,,NUMBER,2,0,,RANGE_NONNEG AGG_BRACKET,BETTER,,,,,TBD,TBD,TBD,AFW DIP/POV team
CONS_SH,Consumption share by COICOP division,"Share of total household consumption accounted for by a COICOP division; for food (COICOP 1), also split by acquisition mode into market-purchased and own-produced shares.",DRAFT,0.1.0,,"H2: the market-purchased and own-produced food shares (COICOP 1) do not sum exactly to the total food share; the gap (0.01-0.03 in SEN, 0.03-0.08 in GNB) is attributed to gifts and in-kind consumption and is not reconciled in the inputs. LEGACY assumed (weight).",Consumption share,CONS,HH,HH,,"Consumption value in the COICOP division, or in the acquisition mode (for food)",MEAN,HH,INTERVIEW,"COICOP:COICOP_CP01,COICOP_CP02,COICOP_CP03,COICOP_CP04,COICOP_CP05,COICOP_CP06,COICOP_CP07,COICOP_CP08,COICOP_CP09,COICOP_CP10,COICOP_CP11,COICOP_CP12,COICOP_CP13 ACQ:ACQ_PURCH,ACQ_OWNPROD",,SHARE,,,,,PERCENT,1,0,1,RANGE_0_1 AGG_BRACKET SUM_TO_1_OVER:COICOP,NEUTRAL,,COICOP2018,,,TBD,TBD,TBD,AFW DIP/POV team
EN_ASSET_AC,Owns air conditioner,Whether the household owns a wall-mounted or split air conditioning unit.,DRAFT,0.1.0,,,Owns AC,EN,HH,HH,,Households owning a wall/split air conditioner,PROPORTION,HH,INTERVIEW,_Z,,SHARE,,,,,PERCENT,1,0,1,RANGE_0_1 AGG_BRACKET,BETTER,,,,,TBD,TBD,TBD,AFW DIP/POV team
EN_ASSET_COOKER,Owns gas/electric cooker,Whether the household owns a gas or electric cooker.,DRAFT,0.1.0,,H9: the legacy label called this a 'proxy'; that word is dropped from the name. Ownership of a cooker is a weak proxy for cooking with clean fuel; see related_note.,Owns cooker,EN,HH,HH,,Households owning a gas or electric cooker,PROPORTION,HH,INTERVIEW,_Z,,SHARE,,,,,PERCENT,1,0,1,RANGE_0_1 AGG_BRACKET,BETTER,,,EN_COOK_CLEAN,EN_ASSET_COOKER (cooker ownership) and EN_COOK_CLEAN (primary cooking fuel reported clean) are both built from the cuisin variable but diverge sharply (SEN: clean cooking 0.73 national vs. cooker ownership 0.04); the reason is undocumented.,TBD,cuisin,TBD,AFW DIP/POV team
EN_ASSET_FAN,Owns ceiling fan,Whether the household owns a ceiling fan.,DRAFT,0.1.0,,,Owns fan,EN,HH,HH,,Households owning a ceiling fan,PROPORTION,HH,INTERVIEW,_Z,,SHARE,,,,,PERCENT,1,0,1,RANGE_0_1 AGG_BRACKET,BETTER,,,,,TBD,TBD,TBD,AFW DIP/POV team
EN_ASSET_WATER_HEATER,Owns water heater,Whether the household owns a water heater.,DRAFT,0.1.0,,,Owns water heater,EN,HH,HH,,Households owning a water heater,PROPORTION,HH,INTERVIEW,_Z,,SHARE,,,,,PERCENT,1,0,1,RANGE_0_1 AGG_BRACKET,BETTER,,,,,TBD,TBD,TBD,AFW DIP/POV team
EN_COOK_BIOMASS,Primary cooking fuel is biomass,Whether the household's primary cooking fuel is biomass (wood or charcoal).,DRAFT,0.1.0,,,Biomass cooking,EN,HH,HH,,Households whose primary cooking fuel is biomass,PROPORTION,HH,INTERVIEW,_Z,,SHARE,,,,,PERCENT,1,0,1,RANGE_0_1 AGG_BRACKET,WORSE,,,,,TBD,TBD,TBD,AFW DIP/POV team
EN_COOK_CLEAN,Primary cooking fuel is clean,Whether the household's primary cooking fuel is clean (gas or electricity).,DRAFT,0.1.0,,"H9: the observed clean-cooking share (SEN 0.73 national) is far above cooker ownership (EN_ASSET_COOKER, 0.04) and follows an implausible pattern (higher in Rural than Capital, higher in the poorest than richest quintile); flagged for human review. See related_note.",Clean cooking,EN,HH,HH,,Households whose primary cooking fuel is clean,PROPORTION,HH,INTERVIEW,_Z,,SHARE,,,,,PERCENT,1,0,1,RANGE_0_1 AGG_BRACKET,BETTER,,,EN_ASSET_COOKER,EN_COOK_CLEAN (primary cooking fuel reported clean) and EN_ASSET_COOKER (cooker ownership) are both built from the cuisin variable but diverge sharply (SEN: clean cooking 0.73 national vs. cooker ownership 0.04); the reason is undocumented.,TBD,TBD,TBD,AFW DIP/POV team
EN_ELEC_ACCESS,Access to grid electricity,Whether the household has access to electricity from the grid.,DRAFT,0.1.0,,H7: definition pending; DRAFT until the difference from EN_GRID_CONN and EN_GRID_USE is resolved.,Electricity access,EN,HH,HH,,Households with access to grid electricity,PROPORTION,HH,INTERVIEW,_Z,,SHARE,,,,,PERCENT,1,0,1,RANGE_0_1 AGG_BRACKET,BETTER,7.1.1,,EN_GRID_CONN EN_GRID_USE,"EN_ELEC_ACCESS, EN_GRID_CONN and EN_GRID_USE are three distinct legacy labels for electricity access; how they are meant to differ (access vs. connection vs. use) is not documented in the inputs.",TBD,TBD,TBD,AFW DIP/POV team
EN_ELEC_INFORMAL,Informal electricity connection,"Whether the household's electricity connection is informal, such as from a neighbour or a utility pole.",DRAFT,0.1.0,,,Informal connection,EN,HH,HH,,Households with an informal electricity connection,PROPORTION,HH,INTERVIEW,_Z,,SHARE,,,,,PERCENT,1,0,1,RANGE_0_1 AGG_BRACKET,NEUTRAL,,,,,TBD,TBD,TBD,AFW DIP/POV team
EN_ELEC_SPEND,Monthly electricity spending,"Household spending on electricity per month, in FCFA.",DRAFT,0.1.0,,unit_time is MONTH; price_basis is NOMINAL.,Electricity spend,EN,HH,HH,,,MEAN,HH,INTERVIEW,_Z,,LCU,,MONTH,NOMINAL,,CURRENCY,0,0,,RANGE_NONNEG AGG_BRACKET,NEUTRAL,,,,,TBD,TBD,TBD,AFW DIP/POV team
EN_GRID_CONN,Connected to electricity grid,Whether the household is connected to the electricity grid.,DRAFT,0.1.0,,"H7: DRAFT; a COMMENT override on SEN rows flags the observed share (0.96-1.00 in every cell, including Q1 and rural areas) as implausible for full grid connection.",Grid connection,EN,HH,HH,,Households connected to the electricity grid,PROPORTION,HH,INTERVIEW,_Z,,SHARE,,,,,PERCENT,1,0,1,RANGE_0_1 AGG_BRACKET,BETTER,7.1.1,,EN_ELEC_ACCESS EN_GRID_USE,"EN_ELEC_ACCESS, EN_GRID_CONN and EN_GRID_USE are three distinct legacy labels for electricity access; how they are meant to differ (access vs. connection vs. use) is not documented in the inputs.",TBD,TBD,TBD,AFW DIP/POV team
EN_GRID_USE,Uses grid electricity,Whether the household uses grid electricity.,DRAFT,0.1.0,,H7: definition pending (DRAFT); how this differs from EN_ELEC_ACCESS and EN_GRID_CONN is not documented.,Grid use,EN,HH,HH,,Households using grid electricity,PROPORTION,HH,INTERVIEW,_Z,,SHARE,,,,,PERCENT,1,0,1,RANGE_0_1 AGG_BRACKET,BETTER,,,EN_ELEC_ACCESS EN_GRID_CONN,"EN_ELEC_ACCESS, EN_GRID_CONN and EN_GRID_USE are three distinct legacy labels for electricity access; how they are meant to differ (access vs. connection vs. use) is not documented in the inputs.",TBD,TBD,TBD,AFW DIP/POV team
EN_LIGHT_IMPROVED,Improved lighting source,Whether the household has improved lighting (grid electricity or solar).,DRAFT,0.1.0,,,Improved lighting,EN,HH,HH,,Households with improved lighting,PROPORTION,HH,INTERVIEW,_Z,,SHARE,,,,,PERCENT,1,0,1,RANGE_0_1 AGG_BRACKET,BETTER,,,,,TBD,TBD,TBD,AFW DIP/POV team
EN_OFFGRID_USE,Uses off-grid electricity,Whether the household uses off-grid electricity from solar power or a generator.,DRAFT,0.1.0,,,Off-grid use,EN,HH,HH,,Households using off-grid (solar or generator) electricity,PROPORTION,HH,INTERVIEW,_Z,,SHARE,,,,,PERCENT,1,0,1,RANGE_0_1 AGG_BRACKET,BETTER,,,,,TBD,TBD,TBD,AFW DIP/POV team
EN_OUTAGE_ANY,Experienced a power outage,Whether the household experienced any power outage in the last 7 days.,DRAFT,0.1.0,,,Any outage,EN,HH,HH,Grid-connected households,Grid-connected households that experienced an outage,PROPORTION,HH,P7D,_Z,,SHARE,,,,,PERCENT,1,0,1,RANGE_0_1 AGG_BRACKET,WORSE,,,,,TBD,TBD,TBD,AFW DIP/POV team
EN_OUTAGE_DAYS,Days with a power outage,Number of days in the last 7 with a power outage.,DRAFT,0.1.0,,"universe is not stated directly in the label; the triage assumes grid-connected households, consistent with EN_OUTAGE_ANY and EN_PREPAID_METER.",Outage days,EN,HH,HH,,,MEAN,HH,P7D,_Z,,DAY,,,,,NUMBER,1,0,7,RANGE_NONNEG AGG_BRACKET,WORSE,,,,,TBD,TBD,TBD,AFW DIP/POV team
EN_OUTAGE_DUR_CODE,Average outage duration (code),Ordinal code for the average duration of power outages; not a share of a population.,DRAFT,0.1.0,,"H8: ordinal code, not a share; may be deprecated in favor of a set of shares by outage-duration class. weight and statistic were guessed, LEGACY assumed.",Outage duration,EN,HH,HH,,,MEAN,HH,INTERVIEW,_Z,,INDEX,,,,,NUMBER,2,0,,RANGE_NONNEG,WORSE,,,,,TBD,TBD,TBD,AFW DIP/POV team
EN_PREPAID_METER,Has a prepaid electricity meter,Whether the household's electricity meter is prepaid.,DRAFT,0.1.0,,,Prepaid meter,EN,HH,HH,Grid-connected households,Grid-connected households with a prepaid meter,PROPORTION,HH,INTERVIEW,_Z,,SHARE,,,,,PERCENT,1,0,1,RANGE_0_1 AGG_BRACKET,NEUTRAL,,,,,TBD,TBD,TBD,AFW DIP/POV team
HE_ACCOUNTS,Enterprise keeps accounts,Share of household non-agricultural enterprises that keep accounts of income and expenses.,DRAFT,0.1.0,,LEGACY assumed (weight): household enterprise estimates presumably used the household weight; not confirmed (gap w).,Keeps accounts,HE,HE,HE,,Enterprises keeping accounts,PROPORTION,HE,INTERVIEW,_Z,,SHARE,,,,,PERCENT,1,0,1,RANGE_0_1 AGG_BRACKET,BETTER,,,,,TBD,TBD,TBD,AFW DIP/POV team
HE_AGE,Enterprise age,Number of years since the household's non-agricultural enterprise started operating.,DRAFT,0.1.0,,LEGACY assumed (weight): household enterprise estimates presumably used the household weight; not confirmed (gap w).,Enterprise age,HE,HE,HE,,,MEAN,HE,INTERVIEW,_Z,,YEAR,,,,,NUMBER,1,0,,RANGE_NONNEG AGG_BRACKET,NEUTRAL,,,,,TBD,TBD,TBD,AFW DIP/POV team
HE_BUY_FIRMS,Buys inputs from firms/state,Share of household non-agricultural enterprises that purchase inputs from firms or the state.,DRAFT,0.1.0,,LEGACY assumed (weight): household enterprise estimates presumably used the household weight; not confirmed (gap w).,Buys from firms,HE,HE,HE,,Enterprises buying from firms or the state,PROPORTION,HE,INTERVIEW,_Z,,SHARE,,,,,PERCENT,1,0,1,RANGE_0_1 AGG_BRACKET,NEUTRAL,,,,,TBD,TBD,TBD,AFW DIP/POV team
HE_CAPITAL,Enterprise capital stock,"Value of the household non-agricultural enterprise's capital stock, in FCFA.",DRAFT,0.1.0,,LEGACY assumed (weight): household enterprise estimates presumably used the household weight; not confirmed (gap w).,Capital stock,HE,HE,HE,,,MEAN,HE,INTERVIEW,_Z,,LCU,,,NOMINAL,,CURRENCY,0,0,,RANGE_NONNEG AGG_BRACKET,BETTER,,,,,TBD,TBD,TBD,AFW DIP/POV team
HE_COSTS,Enterprise operating costs,"Value of the household non-agricultural enterprise's operating costs, in FCFA.",DRAFT,0.1.0,,"unit_time is not stated (TBD token, DRAFT only); price_basis (NOMINAL) is LEGACY assumed. LEGACY assumed (weight): household enterprise estimates presumably used the household weight; not confirmed (gap w).",Operating costs,HE,HE,HE,,,MEAN,HE,INTERVIEW,_Z,,LCU,,TBD,NOMINAL,,CURRENCY,0,0,,RANGE_NONNEG AGG_BRACKET,NEUTRAL,,,,,TBD,TBD,TBD,AFW DIP/POV team
HE_CREDIT_ANY,Enterprise has credit access,"Share of household non-agricultural enterprises with access to credit, from any source (formal or informal).",DRAFT,0.1.0,,LEGACY assumed (weight): household enterprise estimates presumably used the household weight; not confirmed (gap w).,Credit access,HE,HE,HE,,Enterprises with credit access,PROPORTION,HE,INTERVIEW,_Z,,SHARE,,,,,PERCENT,1,0,1,RANGE_0_1 AGG_BRACKET,BETTER,,,,,TBD,TBD,TBD,AFW DIP/POV team
HE_CREDIT_FORMAL,Enterprise has formal credit,Share of household non-agricultural enterprises with access to credit from a formal source.,DRAFT,0.1.0,,LEGACY assumed (weight): household enterprise estimates presumably used the household weight; not confirmed (gap w).,Formal credit,HE,HE,HE,,Enterprises with formal credit access,PROPORTION,HE,INTERVIEW,_Z,,SHARE,,,,,PERCENT,1,0,1,RANGE_0_1 AGG_BRACKET,BETTER,,,,,TBD,TBD,TBD,AFW DIP/POV team
HE_CREDIT_INFORMAL,Enterprise has informal credit,Share of household non-agricultural enterprises with access to credit from an informal source.,DRAFT,0.1.0,,LEGACY assumed (weight): household enterprise estimates presumably used the household weight; not confirmed (gap w).,Informal credit,HE,HE,HE,,Enterprises with informal credit access,PROPORTION,HE,INTERVIEW,_Z,,SHARE,,,,,PERCENT,1,0,1,RANGE_0_1 AGG_BRACKET,BETTER,,,,,TBD,TBD,TBD,AFW DIP/POV team
HE_ELEC,Enterprise has electricity,Share of household non-agricultural enterprises with access to electricity.,DRAFT,0.1.0,,LEGACY assumed (weight): household enterprise estimates presumably used the household weight; not confirmed (gap w).,Enterprise electricity,HE,HE,HE,,Enterprises with electricity access,PROPORTION,HE,INTERVIEW,_Z,,SHARE,,,,,PERCENT,1,0,1,RANGE_0_1 AGG_BRACKET,BETTER,,,,,TBD,TBD,TBD,AFW DIP/POV team
HE_EMP_EXT_ANY,Enterprise has external employees,Whether the household non-agricultural enterprise employs at least one worker from outside the household.,DRAFT,0.1.0,,H12: universe not settled by the label (all enterprises vs. only those with employees); a COMMENT override flags the observed share (0.96 SEN / 1.00 GNB) as implausible for 'all enterprises'. weight LEGACY assumed. LEGACY assumed (weight): household enterprise estimates presumably used the household weight; not confirmed (gap w).,Has external staff,HE,HE,HE,TBD,Enterprises with at least one non-household employee,PROPORTION,HE,INTERVIEW,_Z,,SHARE,,,,,PERCENT,1,0,1,RANGE_0_1 AGG_BRACKET,NEUTRAL,,,,,TBD,TBD,TBD,AFW DIP/POV team
HE_EMP_HH_NUM,Household employees in enterprise,Number of household members employed in the household's non-agricultural enterprise.,DRAFT,0.1.0,,LEGACY assumed (weight): household enterprise estimates presumably used the household weight; not confirmed (gap w).,HH employees,HE,HE,HE,,,MEAN,HE,INTERVIEW,_Z,,PERSON,,,,,NUMBER,2,0,,RANGE_NONNEG AGG_BRACKET,NEUTRAL,,,,,TBD,TBD,TBD,AFW DIP/POV team
HE_EMP_NONHH_NUM,Non-household employees in enterprise,Number of workers employed in the household's non-agricultural enterprise who are not household members.,DRAFT,0.1.0,,LEGACY assumed (weight): household enterprise estimates presumably used the household weight; not confirmed (gap w).,Non-HH employees,HE,HE,HE,,,MEAN,HE,INTERVIEW,_Z,,PERSON,,,,,NUMBER,2,0,,RANGE_NONNEG AGG_BRACKET,NEUTRAL,,,,,TBD,TBD,TBD,AFW DIP/POV team
HE_EMP_NUM,Number of enterprise employees,"Total number of workers employed in the household's non-agricultural enterprise, household and non-household.",DRAFT,0.1.0,,"H12: not additive with household (HE_EMP_HH_NUM) plus non-household (HE_EMP_NONHH_NUM) employees in every cell (residual -0.53 to +1.96 in SEN, -0.76 to +0.09 in GNB); not reconciled. LEGACY assumed (weight): household enterprise estimates presumably used the household weight; not confirmed (gap w).",Enterprise employees,HE,HE,HE,TBD,,MEAN,HE,INTERVIEW,_Z,,PERSON,,,,,NUMBER,2,0,,RANGE_NONNEG AGG_BRACKET,NEUTRAL,,,,,TBD,TBD,TBD,AFW DIP/POV team
HE_HH_OWNER,Household has an enterprise owner,Share of households with at least one member who owns a non-agricultural enterprise.,DRAFT,0.1.0,,H10: DRAFT pending confirmation of the source variable; see related_note.,Has enterprise owner,HE,HH,HH,,Households with a non-agricultural enterprise owner,PROPORTION,HH,INTERVIEW,_Z,,SHARE,,,,,PERCENT,1,0,1,RANGE_0_1 AGG_BRACKET,NEUTRAL,,,POP_HH_SH,"HE_HH_OWNER differs from the legacy 'HH owns a non-agric enterprise' label by -0.28 to +0.39 across cells, likely built from a different source variable; its relationship to POP_HH_SH's enterprise-count breakdown is not confirmed.",TBD,TBD,TBD,AFW DIP/POV team
HE_HOME_BASED,Enterprise operates from home,Share of household non-agricultural enterprises operated from the home.,DRAFT,0.1.0,,LEGACY assumed (weight): household enterprise estimates presumably used the household weight; not confirmed (gap w).,Home-based,HE,HE,HE,,Enterprises operated from home,PROPORTION,HE,INTERVIEW,_Z,,SHARE,,,,,PERCENT,1,0,1,RANGE_0_1 AGG_BRACKET,NEUTRAL,,,,,TBD,TBD,TBD,AFW DIP/POV team
HE_PHONE,Enterprise has a phone,Share of household non-agricultural enterprises with access to a phone.,DRAFT,0.1.0,,LEGACY assumed (weight): household enterprise estimates presumably used the household weight; not confirmed (gap w).,Enterprise phone,HE,HE,HE,,Enterprises with a phone,PROPORTION,HE,INTERVIEW,_Z,,SHARE,,,,,PERCENT,1,0,1,RANGE_0_1 AGG_BRACKET,BETTER,,,,,TBD,TBD,TBD,AFW DIP/POV team
HE_PREMISES_FORMAL,Enterprise has formal premises,Share of household non-agricultural enterprises with formal premises.,DRAFT,0.1.0,,LEGACY assumed (weight): household enterprise estimates presumably used the household weight; not confirmed (gap w).,Formal premises,HE,HE,HE,,Enterprises with formal premises,PROPORTION,HE,INTERVIEW,_Z,,SHARE,,,,,PERCENT,1,0,1,RANGE_0_1 AGG_BRACKET,BETTER,,,,,TBD,TBD,TBD,AFW DIP/POV team
HE_PROFIT,Enterprise profits,"Value of the household non-agricultural enterprise's profits, in FCFA.",DRAFT,0.1.0,,"valid_min/valid_max are unbounded: profits can be negative (SEN Tambacounda observed -3,460); price_basis (NOMINAL) is LEGACY assumed. LEGACY assumed (weight): household enterprise estimates presumably used the household weight; not confirmed (gap w).",Profits,HE,HE,HE,,,MEAN,HE,INTERVIEW,_Z,,LCU,,,NOMINAL,,CURRENCY,0,,,AGG_BRACKET,BETTER,,,,,TBD,TBD,TBD,AFW DIP/POV team
HE_RENT,Enterprise pays rent,Share of household non-agricultural enterprises that pay rent for their premises.,DRAFT,0.1.0,,LEGACY assumed (weight): household enterprise estimates presumably used the household weight; not confirmed (gap w).,Pays rent,HE,HE,HE,,Enterprises paying rent,PROPORTION,HE,INTERVIEW,_Z,,SHARE,,,,,PERCENT,1,0,1,RANGE_0_1 AGG_BRACKET,NEUTRAL,,,,,TBD,TBD,TBD,AFW DIP/POV team
HE_REV_PER_WORKER,Enterprise revenue per worker,"Household non-agricultural enterprise revenue divided by its number of workers, in FCFA per person.",DRAFT,0.1.0,,price_basis (NOMINAL) is LEGACY assumed. LEGACY assumed (weight): household enterprise estimates presumably used the household weight; not confirmed (gap w).,Revenue per worker,HE,HE,HE,,,MEAN,HE,INTERVIEW,_Z,,LCU,PERSON,,NOMINAL,,CURRENCY,0,0,,RANGE_NONNEG AGG_BRACKET,BETTER,,,,,TBD,TBD,TBD,AFW DIP/POV team
HE_SELL_FIRMS,Sells output to firms/state,Share of household non-agricultural enterprises that sell output to firms or the state.,DRAFT,0.1.0,,LEGACY assumed (weight): household enterprise estimates presumably used the household weight; not confirmed (gap w).,Sells to firms,HE,HE,HE,,Enterprises selling to firms or the state,PROPORTION,HE,INTERVIEW,_Z,,SHARE,,,,,PERCENT,1,0,1,RANGE_0_1 AGG_BRACKET,NEUTRAL,,,,,TBD,TBD,TBD,AFW DIP/POV team
HE_TAX_ID,Enterprise has a tax ID,Share of household non-agricultural enterprises registered with a tax identification number.,DRAFT,0.1.0,,LEGACY assumed (weight): household enterprise estimates presumably used the household weight; not confirmed (gap w).,Has tax ID,HE,HE,HE,,Enterprises with a tax ID,PROPORTION,HE,INTERVIEW,_Z,,SHARE,,,,,PERCENT,1,0,1,RANGE_0_1 AGG_BRACKET,BETTER,,,,,TBD,TBD,TBD,AFW DIP/POV team
HE_WATER,Enterprise has water,Share of household non-agricultural enterprises with access to water.,DRAFT,0.1.0,,LEGACY assumed (weight): household enterprise estimates presumably used the household weight; not confirmed (gap w).,Enterprise water,HE,HE,HE,,Enterprises with water access,PROPORTION,HE,INTERVIEW,_Z,,SHARE,,,,,PERCENT,1,0,1,RANGE_0_1 AGG_BRACKET,BETTER,,,,,TBD,TBD,TBD,AFW DIP/POV team
HOUS_FLOOR_DURABLE,Durable floor materials,Whether the household's dwelling has durable floor materials.,DRAFT,0.1.0,,,Durable floor,HOUS,HH,HH,,Households with durable floor materials,PROPORTION,HH,INTERVIEW,_Z,,SHARE,,,,,PERCENT,1,0,1,RANGE_0_1 AGG_BRACKET,BETTER,,,,,TBD,TBD,TBD,AFW DIP/POV team
HOUS_ROOF_DURABLE,Durable roof materials,Whether the household's dwelling has durable roof materials.,DRAFT,0.1.0,,,Durable roof,HOUS,HH,HH,,Households with durable roof materials,PROPORTION,HH,INTERVIEW,_Z,,SHARE,,,,,PERCENT,1,0,1,RANGE_0_1 AGG_BRACKET,BETTER,,,,,TBD,TBD,TBD,AFW DIP/POV team
HOUS_SANIT_IMPROVED,Improved sanitation facility,Whether the household has access to an improved (sanitary) toilet facility.,DRAFT,0.1.0,,,Improved sanitation,HOUS,HH,HH,,Households with an improved toilet facility,PROPORTION,HH,INTERVIEW,_Z,,SHARE,,,,,PERCENT,1,0,1,RANGE_0_1 AGG_BRACKET,BETTER,,,,,TBD,TBD,TBD,AFW DIP/POV team
HOUS_WALL_DURABLE,Durable wall materials,Whether the household's dwelling has durable wall materials.,DRAFT,0.1.0,,,Durable wall,HOUS,HH,HH,,Households with durable wall materials,PROPORTION,HH,INTERVIEW,_Z,,SHARE,,,,,PERCENT,1,0,1,RANGE_0_1 AGG_BRACKET,BETTER,,,,,TBD,TBD,TBD,AFW DIP/POV team
HOUS_WATER_SAFE_DRY,"Safe drinking water, dry season","Whether the household has access to a safe drinking water source, in the dry season.",DRAFT,0.1.0,,,Safe water (dry),HOUS,HH,HH,,Households with a safe drinking water source in the dry season,PROPORTION,HH,INTERVIEW,_Z,,SHARE,,,,,PERCENT,1,0,1,RANGE_0_1 AGG_BRACKET,BETTER,,,,,TBD,TBD,TBD,AFW DIP/POV team
POP_HE_SH,Enterprise share by breakdown,Share of household non-agricultural enterprises belonging to a group defined by a breakdown category of the enterprise's main owner (for example sex or marital status).,DRAFT,0.1.0,,"H11: weighted using the enterprise weight (HE) per decision D4, since POP_HE_SH counts enterprises, not individuals or households.",Enterprise share,POP,HE,HE,,Enterprises whose main owner has the indicated characteristic,PROPORTION,HE,INTERVIEW,_Z,,SHARE,,,,,PERCENT,1,0,1,RANGE_0_1 AGG_BRACKET SUM_TO_1_OVER_BRK,NEUTRAL,,,,,TBD,TBD,TBD,AFW DIP/POV team
POP_HH_SH,Household share by breakdown,"Share of households belonging to a group defined by a breakdown category, such as the number of non-agricultural enterprises the household operates.",DRAFT,0.1.0,,,Household share,POP,HH,HH,,Households in the indicated breakdown category,PROPORTION,HH,INTERVIEW,_Z,,SHARE,,,,,PERCENT,1,0,1,RANGE_0_1 AGG_BRACKET SUM_TO_1_OVER_BRK,NEUTRAL,,,,,TBD,TBD,TBD,AFW DIP/POV team
POP_SH,Population share by breakdown,"Share of individuals belonging to a group defined by a breakdown category (for example: employed in agriculture, industry or services; wage vs. non-wage employed; type of work); the reference population depends on the breakdown and is not uniform across series.",DRAFT,0.1.0,,"H3: wage-employed and non-wage-employed are complementary breakdown categories of employed persons, summing to 1.00 in every observed cell. H5: the universe of 'household workers' (trade/commerce and transport shares) is not settled by the label; trade+transport is <= the services share in every cell (gap 0.00-0.36). H6: the informally-employed share's universe is stated as 'employed' (DRAFT); it correlates closely with the non-wage share (r=0.86-1.00, 0.01-0.04 below it) and contradicts the existing dashboard's 'Informal wage employment (% of wage)' label (index.qmd:93), which implies a wage-employed universe instead; not reconciled.",Population share,POP,IND,IND,TBD,Individuals in the indicated breakdown group,PROPORTION,IND,INTERVIEW,_Z,,SHARE,,,,,PERCENT,1,0,1,RANGE_0_1 AGG_BRACKET SUM_TO_1_OVER_BRK,NEUTRAL,,,,,TBD,activ12m,TBD,AFW DIP/POV team
POV_HC,Poverty headcount rate,"Share of individuals below an international poverty line, at a given poverty line and PPP price basis (see qualifiers).",DRAFT,0.1.0,,,Poverty rate,POV,IND,IND,,Individuals below the poverty line,PROPORTION,POP,INTERVIEW,"POVLINE:POVLINE_PL300,POVLINE_PL420 PPP:PPP_2021",,SHARE,,,,,PERCENT,1,0,1,RANGE_0_1 AGG_BRACKET MONOTONE_IN:POVLINE,WORSE,,,,,TBD,TBD,TBD,AFW DIP/POV team
POV_NUM,Number of poor,"Number of individuals below an international poverty line, at a given poverty line and PPP price basis (see qualifiers).",DRAFT,0.1.0,,,Number poor,POV,IND,IND,,,TOTAL,POP,INTERVIEW,"POVLINE:POVLINE_PL300,POVLINE_PL420 PPP:PPP_2021",,PERSON,,,,,MILLIONS,2,0,,RANGE_NONNEG AGG_SUM MONOTONE_IN:POVLINE,WORSE,,,,,TBD,TBD,TBD,AFW DIP/POV team
SHK_ANY,Exposed to any shock,Whether the household was exposed to any shock in the past 3 years.,DRAFT,0.1.0,,"ref_period (3 years) is LEGACY assumed, not stated as a coded value in the inputs.",Any shock,SHK,HH,HH,,Households exposed to any shock,PROPORTION,HH,P3Y,_Z,,SHARE,,,,,PERCENT,1,0,1,RANGE_0_1 AGG_BRACKET,WORSE,,,,,TBD,TBD,TBD,AFW DIP/POV team
SHK_COV_CONFLICT,Covariate conflict shock,Whether the household was exposed to a covariate (community-wide) violence or conflict shock.,DRAFT,0.1.0,,"ref_period (3 years) is LEGACY assumed, not stated as a coded value in the inputs.",Conflict shock,SHK,HH,HH,,Households exposed to a covariate violence/conflict shock,PROPORTION,HH,P3Y,_Z,,SHARE,,,,,PERCENT,1,0,1,RANGE_0_1 AGG_BRACKET,WORSE,,,,,TBD,TBD,TBD,AFW DIP/POV team
SHK_COV_ECON,Covariate economic shock,Whether the household was exposed to a covariate (community-wide) economic shock.,DRAFT,0.1.0,,"ref_period (3 years) is LEGACY assumed, not stated as a coded value in the inputs.",Covariate econ shock,SHK,HH,HH,,Households exposed to a covariate economic shock,PROPORTION,HH,P3Y,_Z,,SHARE,,,,,PERCENT,1,0,1,RANGE_0_1 AGG_BRACKET,WORSE,,,,,TBD,TBD,TBD,AFW DIP/POV team
SHK_COV_NATURAL,Covariate natural shock,"Whether the household was exposed to a covariate (community-wide) natural shock, such as drought or flood.",DRAFT,0.1.0,,"ref_period (3 years) is LEGACY assumed, not stated as a coded value in the inputs.",Natural shock,SHK,HH,HH,,Households exposed to a covariate natural shock,PROPORTION,HH,P3Y,_Z,,SHARE,,,,,PERCENT,1,0,1,RANGE_0_1 AGG_BRACKET,WORSE,,,,,TBD,TBD,TBD,AFW DIP/POV team
SHK_IDIO_ECON,Idiosyncratic economic shock,Whether the household was exposed to an idiosyncratic (household-specific) economic shock.,DRAFT,0.1.0,,"ref_period (3 years) is LEGACY assumed, not stated as a coded value in the inputs.",Idiosyncratic shock,SHK,HH,HH,,Households exposed to an idiosyncratic economic shock,PROPORTION,HH,P3Y,_Z,,SHARE,,,,,PERCENT,1,0,1,RANGE_0_1 AGG_BRACKET,WORSE,,,,,TBD,TBD,TBD,AFW DIP/POV team
SP_HEALTH_COV,Has health coverage,Whether the individual has health insurance or health coverage.,DRAFT,0.1.0,,"weight POP, LEGACY assumed (individual-level share, following the POV_HC pattern).",Health coverage,SP,IND,IND,,Individuals with health coverage,PROPORTION,POP,INTERVIEW,_Z,,SHARE,,,,,PERCENT,1,0,1,RANGE_0_1 AGG_BRACKET,BETTER,,,SP_HEALTH_COV_HH,"SP_HEALTH_COV is an individual-level measure; SP_HEALTH_COV_HH is the household-level version (at least one member covered) and is always >= SP_HEALTH_COV, by 0.00-0.08.",TBD,couvmal,TBD,AFW DIP/POV team
SP_HEALTH_COV_HH,Household has health coverage,Whether at least one member of the household has health insurance or health coverage.,DRAFT,0.1.0,,H13: the legacy label called this a 'proxy social protection' measure; that qualifier is dropped from the name since only health coverage is measured.,HH health coverage,SP,HH,HH,,Households with at least one member covered,PROPORTION,HH,INTERVIEW,_Z,,SHARE,,,,,PERCENT,1,0,1,RANGE_0_1 AGG_BRACKET,BETTER,,,SP_HEALTH_COV,"SP_HEALTH_COV_HH is the household-level version of SP_HEALTH_COV (at least one member covered) and is always >= SP_HEALTH_COV, by 0.00-0.08.",TBD,TBD,TBD,AFW DIP/POV team
