code,name_en,definition_en,status,version_added,replaced_by,notes
POV,Poverty,Indicators about poverty.,DRAFT,0.1.0,,
INEQ,Inequality,Indicators about inequality.,DRAFT,0.1.0,,
FISC,Fiscal incidence,Indicators about fiscal incidence.,DRAFT,0.1.0,,
POP,Population,Indicators about population.,DRAFT,0.1.0,,
CONS,Consumption,Indicators about consumption.,DRAFT,0.1.0,,
JOB,Jobs,Indicators about jobs.,DRAFT,0.1.0,,
HE,Household enterprises,Indicators about household enterprises.,DRAFT,0.1.0,,
AGR,Agriculture,Indicators about agriculture.,DRAFT,0.1.0,,
EN,Energy,Indicators about energy.,DRAFT,0.1.0,,
HOUS,Housing,Indicators about housing.,DRAFT,0.1.0,,
SHK,Shocks,Indicators about shocks.,DRAFT,0.1.0,,
SP,Social protection,Indicators about social protection.,DRAFT,0.1.0,,
