codelist,code,name_en,definition_en,notes,universe,classification,basis,owner
CL_BRK_VAR,QUINT,Consumption quintile,"Quintile (fifth) of household consumption per capita, Q1 the poorest fifth to Q5 the richest fifth. Whether the ranking is done nationally or within area, and whether it is population- or household-weighted, is an open decision: to be confirmed.",Ranking level (national vs. within-area) and weighting to be confirmed.,All households,,,AFW DIP/POV team
CL_BRK_VAR,DEC_MKT,Market income decile,"Decile (tenth) of household market income, D01 the poorest tenth to D10 the richest tenth, used for fiscal incidence analysis. Ranks households by market income, so its ordering differs from QUINT, which ranks by consumption per capita.",,All households,,,AFW DIP/POV team
CL_BRK_VAR,HHH_SEX,Sex of household head,Sex of the household head: female or male.,,All households,,,AFW DIP/POV team
CL_BRK_VAR,HHH_AGE,Age of household head,"Age group of the household head, split into below and at-or-above a cutoff age. The cutoff is unconfirmed: the category codes (LT35 / GE35) put it at 35, but the dashboard's existing label implies 29 or 30 (H17); to be confirmed.","Cutoff age unconfirmed: codes say 35, dashboard label implies 29 or 30 (H17).",All households,,,AFW DIP/POV team
CL_BRK_VAR,POOR,Poverty status,"Whether the household is poor, at the poverty line named by the POVLINE qualifier (and, where relevant, the PPP round named by the PPP qualifier) of the same observation.",,All households,,,AFW DIP/POV team
CL_BRK_VAR,HE_COUNT,Number of household enterprises,"Number of non-agricultural household enterprises operated by the household: 0, 1, 2, 3, or 4 or more.",,All households,,,AFW DIP/POV team
CL_BRK_VAR,EMP_STATUS,Employment status,"Whether the person was employed at any time in the 12 months before the survey, or not employed.",,Persons aged 15-64,,,AFW DIP/POV team
CL_BRK_VAR,EMP_SECTOR,Employment sector (aggregated),Broad sector of the employed person's main job under ISIC Rev.4: AGR is section A; IND is sections B to F; SER is sections G to U.,,Employed persons aged 15-64,ISIC Rev.4,,AFW DIP/POV team
CL_BRK_VAR,EMP_ISIC,Employment sector (ISIC section),"Section of the employed person's main job under ISIC Rev.4, sections A to U. The universe is unconfirmed: the legacy label reads 'HH workers' (H5), so whether this covers all employed persons or a narrower group (e.g. household-enterprise workers only) is to be confirmed.",Universe unconfirmed: legacy label says 'HH workers' (H5).,TBD,ISIC Rev.4,,AFW DIP/POV team
CL_BRK_VAR,EMP_TYPE,Employment type,"Wage employment versus non-wage employment (self-employment and unpaid family work), classified under the international classification of status in employment (ICSE).",,Employed persons aged 15-64 (assumed),ICSE,,AFW DIP/POV team
CL_BRK_VAR,EMP_FORMAL,Formality status,Whether the person's employment is formal (Y) or informal (N). The universe is unconfirmed (H6): to be confirmed.,Universe unconfirmed (H6).,TBD,,,AFW DIP/POV team
CL_BRK_VAR,HEO_SEX,Sex of enterprise owner,Sex of the main owner of the non-agricultural household enterprise.,,Non-agricultural household enterprises,,,AFW DIP/POV team
CL_BRK_VAR,HEO_MSTAT,Marital status of enterprise owner,Whether the main owner of the non-agricultural household enterprise is married.,,Non-agricultural household enterprises,,,AFW DIP/POV team
CL_COMP_BREAKDOWN,QUINT_Q1,Quintile 1 (poorest),Poorest fifth of the consumption-per-capita distribution used by QUINT. Ranking level and weighting are an open decision (see QUINT); to be confirmed.,,,,,
CL_COMP_BREAKDOWN,QUINT_Q2,Quintile 2,Second fifth of the consumption-per-capita distribution used by QUINT. Ranking level and weighting are an open decision (see QUINT); to be confirmed.,,,,,
CL_COMP_BREAKDOWN,QUINT_Q3,Quintile 3,Middle fifth of the consumption-per-capita distribution used by QUINT. Ranking level and weighting are an open decision (see QUINT); to be confirmed.,,,,,
CL_COMP_BREAKDOWN,QUINT_Q4,Quintile 4,Fourth fifth of the consumption-per-capita distribution used by QUINT. Ranking level and weighting are an open decision (see QUINT); to be confirmed.,,,,,
CL_COMP_BREAKDOWN,QUINT_Q5,Quintile 5 (richest),Richest fifth of the consumption-per-capita distribution used by QUINT. Ranking level and weighting are an open decision (see QUINT); to be confirmed.,,,,,
CL_COMP_BREAKDOWN,DEC_MKT_D01,Market income decile 01 (poorest),"Decile 01 of the household market income distribution used by DEC_MKT (D01 the poorest tenth, D10 the richest tenth).",,,,,
CL_COMP_BREAKDOWN,DEC_MKT_D02,Market income decile 02,"Decile 02 of the household market income distribution used by DEC_MKT (D01 the poorest tenth, D10 the richest tenth).",,,,,
CL_COMP_BREAKDOWN,DEC_MKT_D03,Market income decile 03,"Decile 03 of the household market income distribution used by DEC_MKT (D01 the poorest tenth, D10 the richest tenth).",,,,,
CL_COMP_BREAKDOWN,DEC_MKT_D04,Market income decile 04,"Decile 04 of the household market income distribution used by DEC_MKT (D01 the poorest tenth, D10 the richest tenth).",,,,,
CL_COMP_BREAKDOWN,DEC_MKT_D05,Market income decile 05,"Decile 05 of the household market income distribution used by DEC_MKT (D01 the poorest tenth, D10 the richest tenth).",,,,,
CL_COMP_BREAKDOWN,DEC_MKT_D06,Market income decile 06,"Decile 06 of the household market income distribution used by DEC_MKT (D01 the poorest tenth, D10 the richest tenth).",,,,,
CL_COMP_BREAKDOWN,DEC_MKT_D07,Market income decile 07,"Decile 07 of the household market income distribution used by DEC_MKT (D01 the poorest tenth, D10 the richest tenth).",,,,,
CL_COMP_BREAKDOWN,DEC_MKT_D08,Market income decile 08,"Decile 08 of the household market income distribution used by DEC_MKT (D01 the poorest tenth, D10 the richest tenth).",,,,,
CL_COMP_BREAKDOWN,DEC_MKT_D09,Market income decile 09,"Decile 09 of the household market income distribution used by DEC_MKT (D01 the poorest tenth, D10 the richest tenth).",,,,,
CL_COMP_BREAKDOWN,DEC_MKT_D10,Market income decile 10 (richest),"Decile 10 of the household market income distribution used by DEC_MKT (D01 the poorest tenth, D10 the richest tenth).",,,,,
CL_COMP_BREAKDOWN,HHH_SEX_F,Female,Household head is female.,,,,,
CL_COMP_BREAKDOWN,HHH_SEX_M,Male,Household head is male.,,,,,
CL_COMP_BREAKDOWN,HHH_AGE_LT35,Below cutoff,"Household head younger than the cutoff age used by HHH_AGE. The cutoff is unconfirmed: the code puts it at 35, but the dashboard's existing label implies 29 or 30 (H17); to be confirmed.",,,,,
CL_COMP_BREAKDOWN,HHH_AGE_GE35,At or above cutoff,"Household head at or above the cutoff age used by HHH_AGE. The cutoff is unconfirmed: the code puts it at 35, but the dashboard's existing label implies 29 or 30 (H17); to be confirmed.",,,,,
CL_COMP_BREAKDOWN,POOR_Y,Poor,"Household is poor at the poverty line (and PPP round, where relevant) named by the observation's POVLINE (and PPP) qualifiers.",,,,,
CL_COMP_BREAKDOWN,POOR_N,Not poor,"Household is not poor at the poverty line (and PPP round, where relevant) named by the observation's POVLINE (and PPP) qualifiers.",,,,,
CL_COMP_BREAKDOWN,HE_COUNT_0,0 enterprises,Household operates no non-agricultural household enterprises.,,,,,
CL_COMP_BREAKDOWN,HE_COUNT_1,1 enterprise,Household operates exactly 1 non-agricultural household enterprise.,,,,,
CL_COMP_BREAKDOWN,HE_COUNT_2,2 enterprises,Household operates exactly 2 non-agricultural household enterprises.,,,,,
CL_COMP_BREAKDOWN,HE_COUNT_3,3 enterprises,Household operates exactly 3 non-agricultural household enterprises.,,,,,
CL_COMP_BREAKDOWN,HE_COUNT_4P,4 or more enterprises,Household operates 4 or more non-agricultural household enterprises.,,,,,
CL_COMP_BREAKDOWN,EMP_STATUS_EMPLOYED,Employed,Person was employed at any time in the 12 months before the survey.,,,,,
CL_COMP_BREAKDOWN,EMP_STATUS_NOT_EMPLOYED,Not employed,Person was not employed at any time in the 12 months before the survey.,,,,,
CL_COMP_BREAKDOWN,EMP_SECTOR_AGR,Agriculture,"ISIC Rev.4 section A: agriculture, forestry and fishing.",,,,,
CL_COMP_BREAKDOWN,EMP_SECTOR_IND,Industry,"ISIC Rev.4 sections B to F: mining and quarrying, manufacturing, utilities, and construction.",,,,,
CL_COMP_BREAKDOWN,EMP_SECTOR_SER,Services,"ISIC Rev.4 sections G to U: trade, transport, other services, government, and related activities.",,,,,
CL_COMP_BREAKDOWN,EMP_ISIC_A,"Agriculture, forestry and fishing","ISIC Rev.4 section A: Agriculture, forestry and fishing. Universe unconfirmed: see EMP_ISIC.",,,,,
CL_COMP_BREAKDOWN,EMP_ISIC_B,Mining and quarrying,ISIC Rev.4 section B: Mining and quarrying. Universe unconfirmed: see EMP_ISIC.,,,,,
CL_COMP_BREAKDOWN,EMP_ISIC_C,Manufacturing,ISIC Rev.4 section C: Manufacturing. Universe unconfirmed: see EMP_ISIC.,,,,,
CL_COMP_BREAKDOWN,EMP_ISIC_D,"Electricity, gas, steam and air conditioning supply","ISIC Rev.4 section D: Electricity, gas, steam and air conditioning supply. Universe unconfirmed: see EMP_ISIC.",,,,,
CL_COMP_BREAKDOWN,EMP_ISIC_E,"Water supply; sewerage, waste management and remediation activities","ISIC Rev.4 section E: Water supply; sewerage, waste management and remediation activities. Universe unconfirmed: see EMP_ISIC.",,,,,
CL_COMP_BREAKDOWN,EMP_ISIC_F,Construction,ISIC Rev.4 section F: Construction. Universe unconfirmed: see EMP_ISIC.,,,,,
CL_COMP_BREAKDOWN,EMP_ISIC_G,Wholesale and retail trade; repair of motor vehicles and motorcycles,ISIC Rev.4 section G: Wholesale and retail trade; repair of motor vehicles and motorcycles. Universe unconfirmed: see EMP_ISIC.,,,,,
CL_COMP_BREAKDOWN,EMP_ISIC_H,Transportation and storage,ISIC Rev.4 section H: Transportation and storage. Universe unconfirmed: see EMP_ISIC.,,,,,
CL_COMP_BREAKDOWN,EMP_ISIC_I,Accommodation and food service activities,ISIC Rev.4 section I: Accommodation and food service activities. Universe unconfirmed: see EMP_ISIC.,,,,,
CL_COMP_BREAKDOWN,EMP_ISIC_J,Information and communication,ISIC Rev.4 section J: Information and communication. Universe unconfirmed: see EMP_ISIC.,,,,,
CL_COMP_BREAKDOWN,EMP_ISIC_K,Financial and insurance activities,ISIC Rev.4 section K: Financial and insurance activities. Universe unconfirmed: see EMP_ISIC.,,,,,
CL_COMP_BREAKDOWN,EMP_ISIC_L,Real estate activities,ISIC Rev.4 section L: Real estate activities. Universe unconfirmed: see EMP_ISIC.,,,,,
CL_COMP_BREAKDOWN,EMP_ISIC_M,"Professional, scientific and technical activities","ISIC Rev.4 section M: Professional, scientific and technical activities. Universe unconfirmed: see EMP_ISIC.",,,,,
CL_COMP_BREAKDOWN,EMP_ISIC_N,Administrative and support service activities,ISIC Rev.4 section N: Administrative and support service activities. Universe unconfirmed: see EMP_ISIC.,,,,,
CL_COMP_BREAKDOWN,EMP_ISIC_O,Public administration and defence; compulsory social security,ISIC Rev.4 section O: Public administration and defence; compulsory social security. Universe unconfirmed: see EMP_ISIC.,,,,,
CL_COMP_BREAKDOWN,EMP_ISIC_P,Education,ISIC Rev.4 section P: Education. Universe unconfirmed: see EMP_ISIC.,,,,,
CL_COMP_BREAKDOWN,EMP_ISIC_Q,Human health and social work activities,ISIC Rev.4 section Q: Human health and social work activities. Universe unconfirmed: see EMP_ISIC.,,,,,
CL_COMP_BREAKDOWN,EMP_ISIC_R,"Arts, entertainment and recreation","ISIC Rev.4 section R: Arts, entertainment and recreation. Universe unconfirmed: see EMP_ISIC.",,,,,
CL_COMP_BREAKDOWN,EMP_ISIC_S,Other service activities,ISIC Rev.4 section S: Other service activities. Universe unconfirmed: see EMP_ISIC.,,,,,
CL_COMP_BREAKDOWN,EMP_ISIC_T,Activities of households as employers; undifferentiated goods- and services-producing activities of households for own use,ISIC Rev.4 section T: Activities of households as employers; undifferentiated goods- and services-producing activities of households for own use. Universe unconfirmed: see EMP_ISIC.,,,,,
CL_COMP_BREAKDOWN,EMP_ISIC_U,Activities of extraterritorial organizations and bodies,ISIC Rev.4 section U: Activities of extraterritorial organizations and bodies. Universe unconfirmed: see EMP_ISIC.,,,,,
CL_COMP_BREAKDOWN,EMP_TYPE_WAGE,Wage employment,"Wage (employee) employment, under the international classification of status in employment (ICSE).",,,,,
CL_COMP_BREAKDOWN,EMP_TYPE_NONWAGE,Non-wage employment,"Non-wage employment: self-employment and unpaid family work, under the international classification of status in employment (ICSE).",,,,,
CL_COMP_BREAKDOWN,EMP_FORMAL_Y,Formal,Formal employment. Universe unconfirmed: see EMP_FORMAL (H6).,,,,,
CL_COMP_BREAKDOWN,EMP_FORMAL_N,Informal,Informal employment. Universe unconfirmed: see EMP_FORMAL (H6).,,,,,
CL_COMP_BREAKDOWN,HEO_SEX_F,Female,Main owner of the household enterprise is female.,,,,,
CL_COMP_BREAKDOWN,HEO_SEX_M,Male,Main owner of the household enterprise is male.,,,,,
CL_COMP_BREAKDOWN,HEO_MSTAT_MARRIED,Married,Main owner of the household enterprise is married.,,,,,
CL_COMP_BREAKDOWN,HEO_MSTAT_NOT_MARRIED,Not married,Main owner of the household enterprise is not married.,,,,,
CL_QUAL_VAR,WELFARE,Welfare aggregate,"Welfare aggregate the measure is built on: consumption per capita, or one of the income concepts used in fiscal incidence analysis (market income, market income plus pensions, net market income, disposable income, consumable income, final income), named by the category in the same row.",,,,,AFW DIP/POV team
CL_QUAL_VAR,POVLINE,Poverty line,"Poverty line the poverty status is measured against: the international, lower-middle-income or upper-middle-income line at 2017 or 2021 PPP, or the survey's own national line or national food line.",POVLINE_NPL and POVLINE_NPL_FOOD take no PPP round (valid_with = _Z); this overrides the PPP requirement recorded on POVLINE for those two categories.,,,,AFW DIP/POV team
CL_QUAL_VAR,PPP,PPP round,"Purchasing power parity (PPP) round used to convert the poverty line to local currency: 2011, 2017 or 2021.",,,,,AFW DIP/POV team
CL_QUAL_VAR,COICOP,COICOP division,"COICOP 2018 consumption division, divisions 01 to 13, using the official division titles.",,,,,AFW DIP/POV team
CL_QUAL_VAR,ACQ,Acquisition mode,"How the food item was acquired: purchased, own production, gift, or in-kind.",New qualifier (H2); ACQ_GIFT and ACQ_INKIND are registered but not populated by the legacy tables.,,,,AFW DIP/POV team
CL_QUAL_VAR,FI,Fiscal instrument,"Fiscal instrument applied in the fiscal incidence analysis: direct taxes, direct transfers, indirect taxes, subsidies, in-kind education, in-kind health, or all instruments together.",,,,,AFW DIP/POV team
CL_QUALIFIER,WELFARE_CONS_PC,Consumption per capita,Household consumption expenditure divided by household size.,,,,,
CL_QUALIFIER,WELFARE_INC_MARKET,Market income,"Income from market sources (wages, self-employment income, property income), before taxes and transfers.",,,,,
CL_QUALIFIER,WELFARE_INC_MARKET_PENS,Market income plus pensions,Market income plus contributory pension income.,,,,,
CL_QUALIFIER,WELFARE_INC_NETMARKET,Net market income,"Market income plus pensions, minus direct taxes and employee social security contributions.",,,,,
CL_QUALIFIER,WELFARE_INC_DISP,Disposable income,Net market income plus direct cash and near-cash transfers.,,,,,
CL_QUALIFIER,WELFARE_INC_CONSUMABLE,Consumable income,"Disposable income plus indirect subsidies, minus indirect taxes.",,,,,
CL_QUALIFIER,WELFARE_INC_FINAL,Final income,Consumable income plus the value of in-kind education and health transfers.,,,,,
CL_QUALIFIER,POVLINE_PL215,International poverty line ($2.15),International poverty line of $2.15 per person per day at 2017 PPP.,,,,PPP$ per person per day,
CL_QUALIFIER,POVLINE_PL365,Lower-middle-income poverty line ($3.65),Lower-middle-income poverty line of $3.65 per person per day at 2017 PPP.,,,,PPP$ per person per day,
CL_QUALIFIER,POVLINE_PL685,Upper-middle-income poverty line ($6.85),Upper-middle-income poverty line of $6.85 per person per day at 2017 PPP.,,,,PPP$ per person per day,
CL_QUALIFIER,POVLINE_PL300,International poverty line ($3.00),"International poverty line of $3.00 per person per day at 2021 PPP, replacing the 2017 PPP $2.15 line.",,,,PPP$ per person per day,
CL_QUALIFIER,POVLINE_PL420,Lower-middle-income poverty line ($4.20),"Lower-middle-income poverty line of $4.20 per person per day at 2021 PPP, replacing the 2017 PPP $3.65 line.",,,,PPP$ per person per day,
CL_QUALIFIER,POVLINE_PL830,Upper-middle-income poverty line ($8.30),"Upper-middle-income poverty line of $8.30 per person per day at 2021 PPP, replacing the 2017 PPP $6.85 line.",,,,PPP$ per person per day,
CL_QUALIFIER,POVLINE_NPL,National poverty line,"The survey's own national poverty line. Takes no PPP round (valid_with = _Z); its value is in local currency, given in SURVEYS.csv, not here.",,,,Local currency; the value is in SURVEYS.csv,
CL_QUALIFIER,POVLINE_NPL_FOOD,National food poverty line,"The survey's own national food poverty line. Takes no PPP round (valid_with = _Z); its value is in local currency, given in SURVEYS.csv, not here.",,,,Local currency; the value is in SURVEYS.csv,
CL_QUALIFIER,PPP_2011,2011 PPP round,Purchasing power parity round based on the 2011 International Comparison Program.,,,,,
CL_QUALIFIER,PPP_2017,2017 PPP round,Purchasing power parity round based on the 2017 International Comparison Program.,,,,,
CL_QUALIFIER,PPP_2021,2021 PPP round,Purchasing power parity round based on the 2021 International Comparison Program.,,,,,
CL_QUALIFIER,COICOP_CP01,Food and non-alcoholic beverages,COICOP 2018 division 01: Food and non-alcoholic beverages.,,,,,
CL_QUALIFIER,COICOP_CP02,"Alcoholic beverages, tobacco and narcotics","COICOP 2018 division 02: Alcoholic beverages, tobacco and narcotics.",,,,,
CL_QUALIFIER,COICOP_CP03,Clothing and footwear,COICOP 2018 division 03: Clothing and footwear.,,,,,
CL_QUALIFIER,COICOP_CP04,"Housing, water, electricity, gas and other fuels","COICOP 2018 division 04: Housing, water, electricity, gas and other fuels.",,,,,
CL_QUALIFIER,COICOP_CP05,"Furnishings, household equipment and routine household maintenance","COICOP 2018 division 05: Furnishings, household equipment and routine household maintenance.",,,,,
CL_QUALIFIER,COICOP_CP06,Health,COICOP 2018 division 06: Health.,,,,,
CL_QUALIFIER,COICOP_CP07,Transport,COICOP 2018 division 07: Transport.,,,,,
CL_QUALIFIER,COICOP_CP08,Information and communication,COICOP 2018 division 08: Information and communication.,,,,,
CL_QUALIFIER,COICOP_CP09,"Recreation, sport and culture","COICOP 2018 division 09: Recreation, sport and culture.",,,,,
CL_QUALIFIER,COICOP_CP10,Education services,COICOP 2018 division 10: Education services.,,,,,
CL_QUALIFIER,COICOP_CP11,Restaurants and accommodation services,COICOP 2018 division 11: Restaurants and accommodation services.,,,,,
CL_QUALIFIER,COICOP_CP12,Insurance and financial services,COICOP 2018 division 12: Insurance and financial services.,,,,,
CL_QUALIFIER,COICOP_CP13,"Personal care, social protection and miscellaneous goods and services","COICOP 2018 division 13: Personal care, social protection and miscellaneous goods and services.",,,,,
CL_QUALIFIER,ACQ_PURCH,Purchased,Food item acquired by purchase.,,,,,
CL_QUALIFIER,ACQ_OWNPROD,Own production,Food item acquired from the household's own production.,,,,,
CL_QUALIFIER,ACQ_GIFT,Gift,Food item acquired as a gift.,"Registered, not populated by the legacy tables (H2).",,,,
CL_QUALIFIER,ACQ_INKIND,In-kind,"Food item acquired in kind, other than as own production or a gift.","Registered, not populated by the legacy tables (H2).",,,,
CL_QUALIFIER,FI_DIR_TAX,Direct taxes,Direct taxes paid by the household (e.g. personal income tax).,,,,,
CL_QUALIFIER,FI_DIR_TRANSF,Direct transfers,Direct cash or near-cash transfers received by the household.,,,,,
CL_QUALIFIER,FI_INDIR_TAX,Indirect taxes,"Indirect taxes paid by the household (e.g. value-added tax, excises).",,,,,
CL_QUALIFIER,FI_SUBSIDY,Subsidies,Indirect subsidies received by the household.,,,,,
CL_QUALIFIER,FI_INKIND_EDU,In-kind education,In-kind transfer of public education services.,,,,,
CL_QUALIFIER,FI_INKIND_HEALTH,In-kind health,In-kind transfer of public health services.,,,,,
CL_QUALIFIER,FI_ALL,All instruments,"All fiscal instruments together: direct taxes, direct transfers, indirect taxes, subsidies, in-kind education and in-kind health.",,,,,
