code,name_en,short_name_en,definition_en,universe_filter,numerator,higher_is,sdg_indicator,classification,related,related_note,source_questionnaire,source_vars,program,notes
AGR_CULT_AREA,Cultivated area,Cultivated area,"Area of land cultivated by the household, in hectares.",,,NEUTRAL,,,,,TBD,TBD,TBD,"H19: values above 100 ha (the valid_max) are withheld from GNB cells, including the whole Capital column, via LEGACY_OVERRIDES (decision D5); those cells are absent from the input, not zero."
AGR_CULTIVATES,Household cultivates land,Cultivates land,Whether the household cultivates any agricultural land (surface area greater than zero).,,Households cultivating agricultural land,NEUTRAL,,,,,TBD,superf,TBD,
AGR_LIVESTOCK_ANY,Household owns livestock,Owns livestock,Whether the household owns any livestock.,,Households owning any livestock,BETTER,,,,,TBD,TBD,TBD,
AGR_TLU,Tropical Livestock Units,Livestock (TLU),Household livestock holdings converted to a common Tropical Livestock Unit scale.,,,BETTER,,,,,TBD,TBD,TBD,
CONS_SH,Consumption share by COICOP division,Consumption share,"Share of total household consumption accounted for by a COICOP division; for food (COICOP 1), also split by acquisition mode into market-purchased and own-produced shares.",,"Consumption value in the COICOP division, or in the acquisition mode (for food)",NEUTRAL,,COICOP2018,,,TBD,TBD,TBD,"H2: the market-purchased and own-produced food shares (COICOP 1) do not sum exactly to the total food share; the gap (0.01-0.03 in SEN, 0.03-0.08 in GNB) is attributed to gifts and in-kind consumption and is not reconciled in the inputs. LEGACY assumed (weight)."
EN_ASSET_AC,Owns air conditioner,Owns AC,Whether the household owns a wall-mounted or split air conditioning unit.,,Households owning a wall/split air conditioner,BETTER,,,,,TBD,TBD,TBD,
EN_ASSET_COOKER,Owns gas/electric cooker,Owns cooker,Whether the household owns a gas or electric cooker.,,Households owning a gas or electric cooker,BETTER,,,EN_COOK_CLEAN,EN_ASSET_COOKER (cooker ownership) and EN_COOK_CLEAN (primary cooking fuel reported clean) are both built from the cuisin variable but diverge sharply (SEN: clean cooking 0.73 national vs. cooker ownership 0.04); the reason is undocumented.,TBD,cuisin,TBD,H9: the legacy label called this a 'proxy'; that word is dropped from the name. Ownership of a cooker is a weak proxy for cooking with clean fuel; see related_note.
EN_ASSET_FAN,Owns ceiling fan,Owns fan,Whether the household owns a ceiling fan.,,Households owning a ceiling fan,BETTER,,,,,TBD,TBD,TBD,
EN_ASSET_WATER_HEATER,Owns water heater,Owns water heater,Whether the household owns a water heater.,,Households owning a water heater,BETTER,,,,,TBD,TBD,TBD,
EN_COOK_BIOMASS,Primary cooking fuel is biomass,Biomass cooking,Whether the household's primary cooking fuel is biomass (wood or charcoal).,,Households whose primary cooking fuel is biomass,WORSE,,,,,TBD,TBD,TBD,
EN_COOK_CLEAN,Primary cooking fuel is clean,Clean cooking,Whether the household's primary cooking fuel is clean (gas or electricity).,,Households whose primary cooking fuel is clean,BETTER,,,EN_ASSET_COOKER,EN_COOK_CLEAN (primary cooking fuel reported clean) and EN_ASSET_COOKER (cooker ownership) are both built from the cuisin variable but diverge sharply (SEN: clean cooking 0.73 national vs. cooker ownership 0.04); the reason is undocumented.,TBD,TBD,TBD,"H9: the observed clean-cooking share (SEN 0.73 national) is far above cooker ownership (EN_ASSET_COOKER, 0.04) and follows an implausible pattern (higher in Rural than Capital, higher in the poorest than richest quintile); flagged for human review. See related_note."
EN_ELEC_ACCESS,Access to grid electricity,Electricity access,Whether the household has access to electricity from the grid.,,Households with access to grid electricity,BETTER,7.1.1,,EN_GRID_CONN EN_GRID_USE,"EN_ELEC_ACCESS, EN_GRID_CONN and EN_GRID_USE are three distinct legacy labels for electricity access; how they are meant to differ (access vs. connection vs. use) is not documented in the inputs.",TBD,TBD,TBD,H7: definition pending; DRAFT until the difference from EN_GRID_CONN and EN_GRID_USE is resolved.
EN_ELEC_INFORMAL,Informal electricity connection,Informal connection,"Whether the household's electricity connection is informal, such as from a neighbour or a utility pole.",,Households with an informal electricity connection,NEUTRAL,,,,,TBD,TBD,TBD,
EN_ELEC_SPEND,Monthly electricity spending,Electricity spend,"Household spending on electricity per month, in FCFA.",,,NEUTRAL,,,,,TBD,TBD,TBD,unit_time is MONTH; price_basis is NOMINAL.
EN_GRID_CONN,Connected to electricity grid,Grid connection,Whether the household is connected to the electricity grid.,,Households connected to the electricity grid,BETTER,7.1.1,,EN_ELEC_ACCESS EN_GRID_USE,"EN_ELEC_ACCESS, EN_GRID_CONN and EN_GRID_USE are three distinct legacy labels for electricity access; how they are meant to differ (access vs. connection vs. use) is not documented in the inputs.",TBD,TBD,TBD,"H7: DRAFT; a COMMENT override on SEN rows flags the observed share (0.96-1.00 in every cell, including Q1 and rural areas) as implausible for full grid connection."
EN_GRID_USE,Uses grid electricity,Grid use,Whether the household uses grid electricity.,,Households using grid electricity,BETTER,,,EN_ELEC_ACCESS EN_GRID_CONN,"EN_ELEC_ACCESS, EN_GRID_CONN and EN_GRID_USE are three distinct legacy labels for electricity access; how they are meant to differ (access vs. connection vs. use) is not documented in the inputs.",TBD,TBD,TBD,H7: definition pending (DRAFT); how this differs from EN_ELEC_ACCESS and EN_GRID_CONN is not documented.
EN_LIGHT_IMPROVED,Improved lighting source,Improved lighting,Whether the household has improved lighting (grid electricity or solar).,,Households with improved lighting,BETTER,,,,,TBD,TBD,TBD,
EN_OFFGRID_USE,Uses off-grid electricity,Off-grid use,Whether the household uses off-grid electricity from solar power or a generator.,,Households using off-grid (solar or generator) electricity,BETTER,,,,,TBD,TBD,TBD,
EN_OUTAGE_ANY,Experienced a power outage,Any outage,Whether the household experienced any power outage in the last 7 days.,Grid-connected households,Grid-connected households that experienced an outage,WORSE,,,,,TBD,TBD,TBD,
EN_OUTAGE_DAYS,Days with a power outage,Outage days,Number of days in the last 7 with a power outage.,,,WORSE,,,,,TBD,TBD,TBD,"universe is not stated directly in the label; the triage assumes grid-connected households, consistent with EN_OUTAGE_ANY and EN_PREPAID_METER."
EN_OUTAGE_DUR_CODE,Average outage duration (code),Outage duration,Ordinal code for the average duration of power outages; not a share of a population.,,,WORSE,,,,,TBD,TBD,TBD,"H8: ordinal code, not a share; may be deprecated in favor of a set of shares by outage-duration class. weight and statistic were guessed, LEGACY assumed."
EN_PREPAID_METER,Has a prepaid electricity meter,Prepaid meter,Whether the household's electricity meter is prepaid.,Grid-connected households,Grid-connected households with a prepaid meter,NEUTRAL,,,,,TBD,TBD,TBD,
HE_ACCOUNTS,Enterprise keeps accounts,Keeps accounts,Share of household non-agricultural enterprises that keep accounts of income and expenses.,,Enterprises keeping accounts,BETTER,,,,,TBD,TBD,TBD,LEGACY assumed (weight): household enterprise estimates presumably used the household weight; not confirmed (gap w).
HE_AGE,Enterprise age,Enterprise age,Number of years since the household's non-agricultural enterprise started operating.,,,NEUTRAL,,,,,TBD,TBD,TBD,LEGACY assumed (weight): household enterprise estimates presumably used the household weight; not confirmed (gap w).
HE_BUY_FIRMS,Buys inputs from firms/state,Buys from firms,Share of household non-agricultural enterprises that purchase inputs from firms or the state.,,Enterprises buying from firms or the state,NEUTRAL,,,,,TBD,TBD,TBD,LEGACY assumed (weight): household enterprise estimates presumably used the household weight; not confirmed (gap w).
HE_CAPITAL,Enterprise capital stock,Capital stock,"Value of the household non-agricultural enterprise's capital stock, in FCFA.",,,BETTER,,,,,TBD,TBD,TBD,LEGACY assumed (weight): household enterprise estimates presumably used the household weight; not confirmed (gap w).
HE_COSTS,Enterprise operating costs,Operating costs,"Value of the household non-agricultural enterprise's operating costs, in FCFA.",,,NEUTRAL,,,,,TBD,TBD,TBD,"unit_time is not stated (TBD token, DRAFT only); price_basis (NOMINAL) is LEGACY assumed. LEGACY assumed (weight): household enterprise estimates presumably used the household weight; not confirmed (gap w)."
HE_CREDIT_ANY,Enterprise has credit access,Credit access,"Share of household non-agricultural enterprises with access to credit, from any source (formal or informal).",,Enterprises with credit access,BETTER,,,,,TBD,TBD,TBD,LEGACY assumed (weight): household enterprise estimates presumably used the household weight; not confirmed (gap w).
HE_CREDIT_FORMAL,Enterprise has formal credit,Formal credit,Share of household non-agricultural enterprises with access to credit from a formal source.,,Enterprises with formal credit access,BETTER,,,,,TBD,TBD,TBD,LEGACY assumed (weight): household enterprise estimates presumably used the household weight; not confirmed (gap w).
HE_CREDIT_INFORMAL,Enterprise has informal credit,Informal credit,Share of household non-agricultural enterprises with access to credit from an informal source.,,Enterprises with informal credit access,BETTER,,,,,TBD,TBD,TBD,LEGACY assumed (weight): household enterprise estimates presumably used the household weight; not confirmed (gap w).
HE_ELEC,Enterprise has electricity,Enterprise electricity,Share of household non-agricultural enterprises with access to electricity.,,Enterprises with electricity access,BETTER,,,,,TBD,TBD,TBD,LEGACY assumed (weight): household enterprise estimates presumably used the household weight; not confirmed (gap w).
HE_EMP_EXT_ANY,Enterprise has external employees,Has external staff,Whether the household non-agricultural enterprise employs at least one worker from outside the household.,TBD,Enterprises with at least one non-household employee,NEUTRAL,,,,,TBD,TBD,TBD,H12: universe not settled by the label (all enterprises vs. only those with employees); a COMMENT override flags the observed share (0.96 SEN / 1.00 GNB) as implausible for 'all enterprises'. weight LEGACY assumed. LEGACY assumed (weight): household enterprise estimates presumably used the household weight; not confirmed (gap w).
HE_EMP_HH_NUM,Household employees in enterprise,HH employees,Number of household members employed in the household's non-agricultural enterprise.,,,NEUTRAL,,,,,TBD,TBD,TBD,LEGACY assumed (weight): household enterprise estimates presumably used the household weight; not confirmed (gap w).
HE_EMP_NONHH_NUM,Non-household employees in enterprise,Non-HH employees,Number of workers employed in the household's non-agricultural enterprise who are not household members.,,,NEUTRAL,,,,,TBD,TBD,TBD,LEGACY assumed (weight): household enterprise estimates presumably used the household weight; not confirmed (gap w).
HE_EMP_NUM,Number of enterprise employees,Enterprise employees,"Total number of workers employed in the household's non-agricultural enterprise, household and non-household.",TBD,,NEUTRAL,,,,,TBD,TBD,TBD,"H12: not additive with household (HE_EMP_HH_NUM) plus non-household (HE_EMP_NONHH_NUM) employees in every cell (residual -0.53 to +1.96 in SEN, -0.76 to +0.09 in GNB); not reconciled. LEGACY assumed (weight): household enterprise estimates presumably used the household weight; not confirmed (gap w)."
HE_HH_OWNER,Household has an enterprise owner,Has enterprise owner,Share of households with at least one member who owns a non-agricultural enterprise.,,Households with a non-agricultural enterprise owner,NEUTRAL,,,POP_HH_SH,"HE_HH_OWNER differs from the legacy 'HH owns a non-agric enterprise' label by -0.28 to +0.39 across cells, likely built from a different source variable; its relationship to POP_HH_SH's enterprise-count breakdown is not confirmed.",TBD,TBD,TBD,H10: DRAFT pending confirmation of the source variable; see related_note.
HE_HOME_BASED,Enterprise operates from home,Home-based,Share of household non-agricultural enterprises operated from the home.,,Enterprises operated from home,NEUTRAL,,,,,TBD,TBD,TBD,LEGACY assumed (weight): household enterprise estimates presumably used the household weight; not confirmed (gap w).
HE_PHONE,Enterprise has a phone,Enterprise phone,Share of household non-agricultural enterprises with access to a phone.,,Enterprises with a phone,BETTER,,,,,TBD,TBD,TBD,LEGACY assumed (weight): household enterprise estimates presumably used the household weight; not confirmed (gap w).
HE_PREMISES_FORMAL,Enterprise has formal premises,Formal premises,Share of household non-agricultural enterprises with formal premises.,,Enterprises with formal premises,BETTER,,,,,TBD,TBD,TBD,LEGACY assumed (weight): household enterprise estimates presumably used the household weight; not confirmed (gap w).
HE_PROFIT,Enterprise profits,Profits,"Value of the household non-agricultural enterprise's profits, in FCFA.",,,BETTER,,,,,TBD,TBD,TBD,"valid_min/valid_max are unbounded: profits can be negative (SEN Tambacounda observed -3,460); price_basis (NOMINAL) is LEGACY assumed. LEGACY assumed (weight): household enterprise estimates presumably used the household weight; not confirmed (gap w)."
HE_RENT,Enterprise pays rent,Pays rent,Share of household non-agricultural enterprises that pay rent for their premises.,,Enterprises paying rent,NEUTRAL,,,,,TBD,TBD,TBD,LEGACY assumed (weight): household enterprise estimates presumably used the household weight; not confirmed (gap w).
HE_REV_PER_WORKER,Enterprise revenue per worker,Revenue per worker,"Household non-agricultural enterprise revenue divided by its number of workers, in FCFA per person.",,,BETTER,,,,,TBD,TBD,TBD,price_basis (NOMINAL) is LEGACY assumed. LEGACY assumed (weight): household enterprise estimates presumably used the household weight; not confirmed (gap w).
HE_SELL_FIRMS,Sells output to firms/state,Sells to firms,Share of household non-agricultural enterprises that sell output to firms or the state.,,Enterprises selling to firms or the state,NEUTRAL,,,,,TBD,TBD,TBD,LEGACY assumed (weight): household enterprise estimates presumably used the household weight; not confirmed (gap w).
HE_TAX_ID,Enterprise has a tax ID,Has tax ID,Share of household non-agricultural enterprises registered with a tax identification number.,,Enterprises with a tax ID,BETTER,,,,,TBD,TBD,TBD,LEGACY assumed (weight): household enterprise estimates presumably used the household weight; not confirmed (gap w).
HE_WATER,Enterprise has water,Enterprise water,Share of household non-agricultural enterprises with access to water.,,Enterprises with water access,BETTER,,,,,TBD,TBD,TBD,LEGACY assumed (weight): household enterprise estimates presumably used the household weight; not confirmed (gap w).
HOUS_FLOOR_DURABLE,Durable floor materials,Durable floor,Whether the household's dwelling has durable floor materials.,,Households with durable floor materials,BETTER,,,,,TBD,TBD,TBD,
HOUS_ROOF_DURABLE,Durable roof materials,Durable roof,Whether the household's dwelling has durable roof materials.,,Households with durable roof materials,BETTER,,,,,TBD,TBD,TBD,
HOUS_SANIT_IMPROVED,Improved sanitation facility,Improved sanitation,Whether the household has access to an improved (sanitary) toilet facility.,,Households with an improved toilet facility,BETTER,,,,,TBD,TBD,TBD,
HOUS_WALL_DURABLE,Durable wall materials,Durable wall,Whether the household's dwelling has durable wall materials.,,Households with durable wall materials,BETTER,,,,,TBD,TBD,TBD,
HOUS_WATER_SAFE_DRY,"Safe drinking water, dry season",Safe water (dry),"Whether the household has access to a safe drinking water source, in the dry season.",,Households with a safe drinking water source in the dry season,BETTER,,,,,TBD,TBD,TBD,
POP_HE_SH,Enterprise share by breakdown,Enterprise share,Share of household non-agricultural enterprises belonging to a group defined by a breakdown category of the enterprise's main owner (for example sex or marital status).,,Enterprises whose main owner has the indicated characteristic,NEUTRAL,,,,,TBD,TBD,TBD,"H11: weighted using the enterprise weight (HE) per decision D4, since POP_HE_SH counts enterprises, not individuals or households."
POP_HH_SH,Household share by breakdown,Household share,"Share of households belonging to a group defined by a breakdown category, such as the number of non-agricultural enterprises the household operates.",,Households in the indicated breakdown category,NEUTRAL,,,,,TBD,TBD,TBD,
POP_SH,Population share by breakdown,Population share,"Share of individuals belonging to a group defined by a breakdown category (for example: employed in agriculture, industry or services; wage vs. non-wage employed; type of work); the reference population depends on the breakdown and is not uniform across series.",TBD,Individuals in the indicated breakdown group,NEUTRAL,,,,,TBD,activ12m,TBD,"H3: wage-employed and non-wage-employed are complementary breakdown categories of employed persons, summing to 1.00 in every observed cell. H5: the universe of 'household workers' (trade/commerce and transport shares) is not settled by the label; trade+transport is <= the services share in every cell (gap 0.00-0.36). H6: the informally-employed share's universe is stated as 'employed' (DRAFT); it correlates closely with the non-wage share (r=0.86-1.00, 0.01-0.04 below it) and contradicts the existing dashboard's 'Informal wage employment (% of wage)' label (index.qmd:93), which implies a wage-employed universe instead; not reconciled."
POV_HC,Poverty headcount rate,Poverty rate,"Share of individuals below an international poverty line, at a given poverty line and PPP price basis (see qualifiers).",,Individuals below the poverty line,WORSE,,,,,TBD,TBD,TBD,
POV_NUM,Number of poor,Number poor,"Number of individuals below an international poverty line, at a given poverty line and PPP price basis (see qualifiers).",,,WORSE,,,,,TBD,TBD,TBD,
SHK_ANY,Exposed to any shock,Any shock,Whether the household was exposed to any shock in the past 3 years.,,Households exposed to any shock,WORSE,,,,,TBD,TBD,TBD,"ref_period (3 years) is LEGACY assumed, not stated as a coded value in the inputs."
SHK_COV_CONFLICT,Covariate conflict shock,Conflict shock,Whether the household was exposed to a covariate (community-wide) violence or conflict shock.,,Households exposed to a covariate violence/conflict shock,WORSE,,,,,TBD,TBD,TBD,"ref_period (3 years) is LEGACY assumed, not stated as a coded value in the inputs."
SHK_COV_ECON,Covariate economic shock,Covariate econ shock,Whether the household was exposed to a covariate (community-wide) economic shock.,,Households exposed to a covariate economic shock,WORSE,,,,,TBD,TBD,TBD,"ref_period (3 years) is LEGACY assumed, not stated as a coded value in the inputs."
SHK_COV_NATURAL,Covariate natural shock,Natural shock,"Whether the household was exposed to a covariate (community-wide) natural shock, such as drought or flood.",,Households exposed to a covariate natural shock,WORSE,,,,,TBD,TBD,TBD,"ref_period (3 years) is LEGACY assumed, not stated as a coded value in the inputs."
SHK_IDIO_ECON,Idiosyncratic economic shock,Idiosyncratic shock,Whether the household was exposed to an idiosyncratic (household-specific) economic shock.,,Households exposed to an idiosyncratic economic shock,WORSE,,,,,TBD,TBD,TBD,"ref_period (3 years) is LEGACY assumed, not stated as a coded value in the inputs."
SP_HEALTH_COV,Has health coverage,Health coverage,Whether the individual has health insurance or health coverage.,,Individuals with health coverage,BETTER,,,SP_HEALTH_COV_HH,"SP_HEALTH_COV is an individual-level measure; SP_HEALTH_COV_HH is the household-level version (at least one member covered) and is always >= SP_HEALTH_COV, by 0.00-0.08.",TBD,couvmal,TBD,"weight POP, LEGACY assumed (individual-level share, following the POV_HC pattern)."
SP_HEALTH_COV_HH,Household has health coverage,HH health coverage,Whether at least one member of the household has health insurance or health coverage.,,Households with at least one member covered,BETTER,,,SP_HEALTH_COV,"SP_HEALTH_COV_HH is the household-level version of SP_HEALTH_COV (at least one member covered) and is always >= SP_HEALTH_COV, by 0.00-0.08.",TBD,TBD,TBD,H13: the legacy label called this a 'proxy social protection' measure; that qualifier is dropped from the name since only health coverage is measured.
