codelist,code,name_en,definition_en,notes,admits_se,iso2,currency,wb_region
CL_SEX,F,Female,"The individual counted is female. Refers to the sex of the individual counted, never of the household head.",,,,,
CL_SEX,M,Male,"The individual counted is male. Refers to the sex of the individual counted, never of the household head.",,,,,
CL_AGE,Y_LT15,Under 15,The individual counted is under 15 years of age.,,,,,
CL_AGE,Y15T24,15 to 24,The individual counted is 15 to 24 years of age.,,,,,
CL_AGE,Y25T64,25 to 64,The individual counted is 25 to 64 years of age.,,,,,
CL_AGE,Y_GE65,65 and over,The individual counted is 65 years of age or over.,,,,,
CL_URBANISATION,U,Urban,The area is urban.,,,,,
CL_URBANISATION,R,Rural,The area is rural.,,,,,
CL_URBANISATION,CAP,Capital city,The area is the capital city.,,,,,
CL_URBANISATION,OU,Other urban,The area is urban but not the capital city.,,,,,
CL_OBS_STATUS,A,Normal value,A normal value.,,,,,
CL_OBS_STATUS,E,Model-based value,"A model-based value: a projection, nowcast or microsimulation.",,,,,
CL_OBS_STATUS,O,No value available,No value is available; the value is empty.,A legacy conversion marks such a row with an OBS_COMMENT that starts with LEGACY_EMPTY:.,,,,
CL_OBS_STATUS,M,Not applicable,The cell is outside the indicator's universe by definition; the value is empty.,,,,,
CL_THEME,POV,Poverty,Indicators about poverty.,,,,,
CL_THEME,INEQ,Inequality,Indicators about inequality.,,,,,
CL_THEME,FISC,Fiscal incidence,Indicators about fiscal incidence.,,,,,
CL_THEME,POP,Population,Indicators about population.,,,,,
CL_THEME,CONS,Consumption,Indicators about consumption.,,,,,
CL_THEME,JOB,Jobs,Indicators about jobs.,,,,,
CL_THEME,HE,Household enterprises,Indicators about household enterprises.,,,,,
CL_THEME,AGR,Agriculture,Indicators about agriculture.,,,,,
CL_THEME,EN,Energy,Indicators about energy.,,,,,
CL_THEME,HOUS,Housing,Indicators about housing.,,,,,
CL_THEME,SHK,Shocks,Indicators about shocks.,,,,,
CL_THEME,SP,Social protection,Indicators about social protection.,,,,,
CL_UNIT,SHARE,Share,"A share from 0 to 1, never 0 to 100.",,,,,
CL_UNIT,INDEX,Index,"An index, for Gini and similar statistics.",,,,,
CL_UNIT,PERSON,Person,A count of persons.,,,,,
CL_UNIT,HH,Household,A count of households.,,,,,
CL_UNIT,HE,Household enterprise,A count of non-agricultural household enterprises.,,,,,
CL_UNIT,LCU,Local currency units,Local currency units.,,,,,
CL_UNIT,PPP_USD,PPP US dollars,US dollars at purchasing power parity.,,,,,
CL_UNIT,HA,Hectares,Hectares.,,,,,
CL_UNIT,TLU,Tropical livestock units,Tropical livestock units.,,,,,
CL_UNIT,DAY,Day,A count of days.,,,,,
CL_UNIT,YEAR,Year,A count of years.,,,,,
CL_UNIT,COUNT,Count,A plain count.,,,,,
CL_STAT_UNIT,IND,Individuals,The statistic counts individuals.,,,,,
CL_STAT_UNIT,HH,Households,The statistic counts households.,,,,,
CL_STAT_UNIT,HE,Non-agricultural household enterprises,The statistic counts non-agricultural household enterprises.,,,,,
CL_STAT_UNIT,PLOT,Agricultural plots,The statistic counts agricultural plots.,,,,,
CL_STATISTIC,PROPORTION,Proportion,A proportion.,,Y,,,
CL_STATISTIC,MEAN,Mean,A mean.,,Y,,,
CL_STATISTIC,MEDIAN,Median,A median.,,Y,,,
CL_STATISTIC,TOTAL,Total,A total.,,Y,,,
CL_STATISTIC,RATIO_TOTALS,Ratio of totals,A ratio of two weighted totals.,,Y,,,
CL_STATISTIC,GINI,Gini coefficient,A Gini coefficient.,,Y,,,
CL_STATISTIC,INDEX,Index,An index.,,N,,,
CL_WEIGHT,POP,Population weight,"Household weight times household size, for person-level statistics computed on household data.",,,,,
CL_WEIGHT,HH,Household weight,Household weight.,,,,,
CL_WEIGHT,IND,Individual weight,Individual weight.,,,,,
CL_WEIGHT,HE,Enterprise weight,Enterprise weight.,,,,,
CL_AREA,SEN,Senegal,Senegal.,,,SN,XOF,AFW
CL_AREA,GNB,Guinea-Bissau,Guinea-Bissau.,,,GW,XOF,AFW
