indicator,estimateDAKAR,estimateDIOURBEL,estimateFATICK,estimateKAFFRINE,estimateKAOLACK,estimateKEDOUGOU,estimateKOLDA,estimateLOUGA,estimateMATAM,estimateSAINT_LOUIS,estimateSEDHIOU,estimateTAMBACOUNDA,estimateTHIES,estimateZIGUINCHOR
(max) con_1,0.31,0.16,0.12,0.02,0.14000000000000001,0.23000000000000001,0.12,0.059999999999999998,0.059999999999999998,0.22,0.10000000000000001,0.080000000000000002,0.040000000000000001,0.33000000000000002
(max) con_10,0.080000000000000002,0.02,0.059999999999999998,0.029999999999999999,0,0.089999999999999997,0,0,0,0.070000000000000007,0,0,0.040000000000000001,0
(max) con_11,0.35000000000000003,0.32000000000000001,0.28000000000000003,0.14999999999999999,0,0.23999999999999999,0.34000000000000002,0.17000000000000001,0.22,0.17000000000000001,0.050000000000000003,0,0.040000000000000001,0.25
(max) con_12,0.040000000000000001,0,0.040000000000000001,0,0,0,0.059999999999999998,0.089999999999999997,0,0.19,0,0,0,0
(max) con_13,0,0,0.14000000000000001,0,0,0.050000000000000003,0,0,0,0,0.050000000000000003,0,0,0
(max) con_14,0.080000000000000002,0.040000000000000001,0.48999999999999999,0.17999999999999999,0,0.14000000000000001,0.40000000000000002,0.33000000000000002,0.41999999999999998,0.059999999999999998,0.26000000000000001,0.11,0.10000000000000001,0.10000000000000001
(max) con_15,0.37,0.11,0.11,0.14000000000000001,0.20000000000000001,0.14000000000000001,0.25,0.38,0.17999999999999999,0.23999999999999999,0.37,0.17000000000000001,0.27000000000000002,0.26000000000000001
(max) con_2,0.14000000000000001,0.17000000000000001,0.64000000000000001,0.35999999999999999,0.70999999999999996,0.47000000000000003,0.12,0.68000000000000005,0.40000000000000002,0.31,0.16,0.32000000000000001,0.56000000000000005,0.42999999999999999
(max) con_3,0.65000000000000002,0.35000000000000003,0.67000000000000004,0.73999999999999999,0.83000000000000007,0.66000000000000003,0.80000000000000004,0.63,0.66000000000000003,0.51000000000000001,0.75,0.72999999999999998,0.81000000000000005,0.58999999999999997
(max) con_4,0.080000000000000002,0,0,0.14000000000000001,0.23999999999999999,0.080000000000000002,0.059999999999999998,0.10000000000000001,0,0.13,0.14000000000000001,0.23000000000000001,0.16,0.029999999999999999
(max) con_5,0.029999999999999999,0.02,0,0.02,0,0,0,0,0,0,0,0,0.070000000000000007,0
(max) con_6,0.14000000000000001,0.20999999999999999,0.20999999999999999,0.17000000000000001,0.54000000000000004,0.23999999999999999,0,0.28999999999999998,0.040000000000000001,0.27000000000000002,0.040000000000000001,0.47999999999999998,0.48999999999999999,0.37
(max) con_7,0.14000000000000001,0.080000000000000002,0,0,0.23000000000000001,0.050000000000000003,0,0.02,0,0.059999999999999998,0,0.26000000000000001,0.059999999999999998,0.12
(max) con_8,0.059999999999999998,0,0,0,0,0,0,0,0,0.11,0,0.12,0,0.040000000000000001
(max) con_9,0.040000000000000001,0,0,0,0.13,0,0,0,0,0,0,0,0,0
(max) ext_emp,0.93000000000000005,1,0.97999999999999998,0.98999999999999999,0.96999999999999997,1,1,0.96999999999999997,0.95000000000000007,1,1,1,0.98999999999999999,0.89000000000000001
Access to electricity (grid or off-grid),0.96999999999999997,0.80000000000000004,0.73999999999999999,0.66000000000000003,0.79000000000000004,0.5,0.51000000000000001,0.64000000000000001,0.54000000000000004,0.73999999999999999,0.71999999999999997,0.52000000000000002,0.89000000000000001,0.85999999999999999
Covariate economic shock,0.23999999999999999,0.68000000000000005,0.38,0.57999999999999996,0.47000000000000003,0.35999999999999999,0.34000000000000002,0.40000000000000002,0.46000000000000002,0.58999999999999997,0.35999999999999999,0.41999999999999998,0.27000000000000002,0.19
"Covariate natural shock (drought, flood, etc.)",0.080000000000000002,0.17000000000000001,0.20999999999999999,0.22,0.22,0.27000000000000002,0.33000000000000002,0.26000000000000001,0.39000000000000001,0.37,0.20999999999999999,0.22,0.17000000000000001,0.13
Covariate violence/conflict shock,0,0,0.01,0.01,0.01,0.059999999999999998,0.02,0.01,0.059999999999999998,0.02,0,0.02,0.01,0.01
Cultivated area (ha),0.42999999999999999,3.6200000000000001,3.4300000000000002,5.3799999999999999,3.98,1.9100000000000001,4.2800000000000002,5.1100000000000003,1.6400000000000001,2.1200000000000001,2.8399999999999999,4.0099999999999998,2.6800000000000002,0.95000000000000007
Durable floor materials,0.95999999999999996,0.79000000000000004,0.83999999999999997,0.58999999999999997,0.88,0.62,0.53000000000000003,0.72999999999999998,0.60999999999999999,0.69000000000000006,0.62,0.57000000000000006,0.91000000000000003,0.75
Durable roof materials,0.98999999999999999,0.93000000000000005,0.88,0.58999999999999997,0.91000000000000003,0.5,0.64000000000000001,0.79000000000000004,0.81000000000000005,0.83000000000000007,0.96999999999999997,0.62,0.95999999999999996,0.97999999999999998
Durable wall materials,0.98999999999999999,0.87,0.95999999999999996,0.82000000000000006,0.95000000000000007,0.87,0.93000000000000005,0.77000000000000002,0.79000000000000004,0.89000000000000001,0.89000000000000001,0.83000000000000007,0.92000000000000004,0.84999999999999998
"Employed (activ12m, 15–64)",0.56000000000000005,0.57000000000000006,0.64000000000000001,0.67000000000000004,0.55000000000000004,0.57000000000000006,0.64000000000000001,0.54000000000000004,0.54000000000000004,0.54000000000000004,0.65000000000000002,0.48999999999999999,0.60999999999999999,0.48999999999999999
Employed in agriculture (% of employed),0.029999999999999999,0.20999999999999999,0.5,0.70999999999999996,0.35999999999999999,0.47000000000000003,0.59999999999999998,0.39000000000000001,0.48999999999999999,0.42999999999999999,0.66000000000000003,0.57999999999999996,0.25,0.23999999999999999
Employed in industry (% of employed),0.22,0.20999999999999999,0.11,0.080000000000000002,0.16,0.25,0.10000000000000001,0.13,0.17000000000000001,0.14999999999999999,0.10000000000000001,0.13,0.17000000000000001,0.19
Employed in services (% of employed),0.75,0.57000000000000006,0.39000000000000001,0.20999999999999999,0.47999999999999998,0.28000000000000003,0.31,0.47999999999999998,0.34000000000000002,0.41999999999999998,0.25,0.28999999999999998,0.57999999999999996,0.57000000000000006
Energy expenditure burden (share of total cons.),0.20999999999999999,0.19,0.17999999999999999,0.17999999999999999,0.17999999999999999,0.17000000000000001,0.13,0.17999999999999999,0.14999999999999999,0.16,0.17000000000000001,0.17000000000000001,0.17999999999999999,0.20000000000000001
Exposed to any shock (past 3 years),0.47999999999999998,0.82000000000000006,0.57999999999999996,0.80000000000000004,0.70999999999999996,0.65000000000000002,0.76000000000000001,0.63,0.78000000000000003,0.80000000000000004,0.62,0.66000000000000003,0.57999999999999996,0.45000000000000001
Food consumption share,0.28999999999999998,0.44,0.47000000000000003,0.48999999999999999,0.46000000000000002,0.42999999999999999,0.47000000000000003,0.51000000000000001,0.54000000000000004,0.51000000000000001,0.48999999999999999,0.48999999999999999,0.41999999999999998,0.42999999999999999
HE age (years),10.19,6.04,10.49,12.390000000000001,5.3300000000000001,11.19,8.8499999999999996,9.2200000000000006,9.2200000000000006,5.2599999999999998,8.3900000000000006,5.29,6.8200000000000003,11.77
HE buys from firms/state,0.26000000000000001,0.17000000000000001,0.26000000000000001,0.16,0.089999999999999997,0.41999999999999998,0.13,0.14999999999999999,0.17000000000000001,0.27000000000000002,0.31,0.10000000000000001,0.050000000000000003,0.38
HE capital stock (FCFA),5177441.29,147306.20000000001,154177.80000000002,182944.64000000001,5870785.5200000005,90746.900000000009,104860.64,536372.67000000004,200928.5,1010611.04,95386.290000000008,82696.860000000001,111283.60000000001,240756.45000000001
HE costs (FCFA),130599.43000000001,19474.369999999999,24210.720000000001,22521.010000000002,41398.480000000003,31642.760000000002,28674.190000000002,168610.79000000001,33061.340000000004,30126.459999999999,33331.099999999999,118722.75,35601.129999999997,56942.120000000003
HE has any credit access,1,1,1,1,1,1,1,1,1,1,1,1,1,1
HE has electricity,0.85999999999999999,1,0.78000000000000003,1,1,0.79000000000000004,1,1,1,1,1,1,1,0.68000000000000005
HE has formal credit access,0.78000000000000003,0.92000000000000004,0.89000000000000001,0.85999999999999999,0.75,0.89000000000000001,0.71999999999999997,0.71999999999999997,0.95000000000000007,0.83999999999999997,0.83000000000000007,0.81000000000000005,0.80000000000000004,0.87
HE has formal premises,0.44,0.17999999999999999,0.19,0.14999999999999999,0.27000000000000002,0.20000000000000001,0.10000000000000001,0.20999999999999999,0.080000000000000002,0.17000000000000001,0.16,0.14000000000000001,0.20999999999999999,0.10000000000000001
HE has informal credit access,0.23999999999999999,0.089999999999999997,0.31,0.20999999999999999,0.28999999999999998,0.32000000000000001,0.32000000000000001,0.35000000000000003,0.10000000000000001,0.23999999999999999,0.25,0.27000000000000002,0.37,0.28000000000000003
HE has phone,1,1,0.97999999999999998,1,1,1,1,1,1,1,1,1,1,0.96999999999999997
HE has tax ID,0.040000000000000001,0.20999999999999999,0.059999999999999998,0,0.13,0,0.12,0.050000000000000003,0.050000000000000003,0.10000000000000001,0.040000000000000001,0.16,0.10000000000000001,0.10000000000000001
HE has water,0.48999999999999999,0.089999999999999997,0.14000000000000001,0.12,0.5,0.41999999999999998,0,0.22,1,0.27000000000000002,0.26000000000000001,0.29999999999999999,0.22,0.23000000000000001
HE keeps accounts,0.02,0.059999999999999998,0.029999999999999999,0,0.13,0.080000000000000002,0.080000000000000002,0,0.050000000000000003,0.050000000000000003,0,0,0,0.070000000000000007
HE operates from home,0.28000000000000003,0.41999999999999998,0.53000000000000003,0.42999999999999999,0.46000000000000002,0.5,0.5,0.41999999999999998,0.53000000000000003,0.29999999999999999,0.52000000000000002,0.28999999999999998,0.41000000000000003,0.38
HE pays rent,0.90000000000000002,1,0.90000000000000002,1,0.5,0.57999999999999996,1,1,0.34000000000000002,1,1,0.35000000000000003,0.88,1
HE profits (FCFA),164821.16,23488.34,34977.599999999999,27397.959999999999,44685.720000000001,18626.84,12947.18,17993.670000000002,42552.07,33437.099999999999,20770.130000000001,-50754.230000000003,45558.550000000003,41081.379999999997
HE revenue per worker (FCFA),458977.25,176944.04000000001,58242.809999999998,165000,106433.05,132046.10000000001,,117612.69,547744.92000000004,317521.23999999999,54600,,410260.17999999999,174924.64999999999
HE sells to firms/state,0,0.070000000000000007,0.22,0.11,0.13,0.12,0,0.23000000000000001,0.070000000000000007,0,0.12,0,0,0
HH cultivates agricultural land (superf > 0),0.01,0.28000000000000003,0.68000000000000005,0.76000000000000001,0.51000000000000001,0.54000000000000004,0.65000000000000002,0.47999999999999998,0.52000000000000002,0.32000000000000001,0.67000000000000004,0.66000000000000003,0.28000000000000003,0.34000000000000002
HH employees in HE,0.29999999999999999,0.029999999999999999,0.089999999999999997,0.02,0.080000000000000002,0.17999999999999999,0,0.13,0.10000000000000001,0.12,0.040000000000000001,0,0.10000000000000001,0.25
HH has 0 HE,0.44,0.54000000000000004,0.17000000000000001,0.25,0.57999999999999996,0.16,0.51000000000000001,0.27000000000000002,0.45000000000000001,0.63,0.28999999999999998,0.42999999999999999,0.28999999999999998,0.20000000000000001
HH has 1 HE,0.55000000000000004,0.41999999999999998,0.57999999999999996,0.58999999999999997,0.29999999999999999,0.53000000000000003,0.47000000000000003,0.63,0.42999999999999999,0.37,0.57999999999999996,0.48999999999999999,0.63,0.58999999999999997
HH has 2 HE,0,0.029999999999999999,0.070000000000000007,0.16,0.12,0.27000000000000002,0.02,0.070000000000000007,0.11,0,0.11,0.02,0.040000000000000001,0.17000000000000001
HH has 3 HE,0.01,0,0.17999999999999999,0,0,0,0,0.029999999999999999,0.01,0,0.029999999999999999,0.050000000000000003,0.050000000000000003,0.050000000000000003
HH has 4+ HE,0.80000000000000004,1,0.97999999999999998,0.96999999999999997,0.84999999999999998,1,1,0.94000000000000006,0.88,0.90000000000000002,1,1,0.95000000000000007,0.84999999999999998
HH has internet access,0,0,,,0,,,0,0,0,0,0,0,0
HH has non-agric enterprise owner,0.64000000000000001,0.70999999999999996,0.55000000000000004,0.37,0.60999999999999999,0.41000000000000003,0.45000000000000001,0.57000000000000006,0.56000000000000005,0.54000000000000004,0.42999999999999999,0.45000000000000001,0.64000000000000001,0.58999999999999997
HH owns a non-agric enterprise,0.94000000000000006,1,1,0.98999999999999999,0.88,1,1,0.96999999999999997,0.94000000000000006,0.90000000000000002,1,1,1,1
HH owns any livestock,0.19,0.47000000000000003,0.79000000000000004,0.79000000000000004,0.65000000000000002,0.41999999999999998,0.58999999999999997,0.76000000000000001,0.82000000000000006,0.62,0.44,0.66000000000000003,0.46000000000000002,0.44
Has health insurance/coverage (couvmal),0.050000000000000003,0,0.02,0,0.01,0.01,0.01,0.01,0,0.02,0,0,0.01,0.01
Idiosyncratic economic shock,0.10000000000000001,0.28000000000000003,0.11,0.20000000000000001,0.11,0.089999999999999997,0.13,0.14000000000000001,0.19,0.17999999999999999,0.10000000000000001,0.10000000000000001,0.14999999999999999,0.12
Main HE owner is female,0.37,0.64000000000000001,0.68000000000000005,0.60999999999999999,0.79000000000000004,0.90000000000000002,0.78000000000000003,0.72999999999999998,0.68000000000000005,0.72999999999999998,0.75,0.62,0.73999999999999999,0.76000000000000001
Main HE owner is married,0.85999999999999999,0.84999999999999998,0.78000000000000003,0.79000000000000004,0.71999999999999997,0.70000000000000007,0.95999999999999996,0.54000000000000004,0.73999999999999999,0.80000000000000004,0.63,0.72999999999999998,0.60999999999999999,0.82000000000000006
Market food share (% total cons.),0.27000000000000002,0.40000000000000002,0.38,0.40000000000000002,0.38,0.32000000000000001,0.32000000000000001,0.47000000000000003,0.47999999999999998,0.47000000000000003,0.38,0.38,0.38,0.37
Non-HH employees in HE,1.3100000000000001,0.070000000000000007,0.93000000000000005,0.38,0.91000000000000003,0.26000000000000001,0.28000000000000003,0.28000000000000003,0.32000000000000001,0.38,0.44,0.92000000000000004,0.19,0.37
Non-food consumption share,0.70999999999999996,0.56000000000000005,0.53000000000000003,0.51000000000000001,0.53000000000000003,0.57000000000000006,0.52000000000000002,0.48999999999999999,0.47000000000000003,0.5,0.5,0.5,0.57999999999999996,0.57000000000000006
Non-wage employed (% of employed),0.5,0.78000000000000003,0.83999999999999997,0.87,0.80000000000000004,0.76000000000000001,0.88,0.79000000000000004,0.84999999999999998,0.70999999999999996,0.88,0.76000000000000001,0.65000000000000002,0.62
Number of employees in HE,2.9500000000000002,0.16,0.78000000000000003,0.13,0.47000000000000003,0.91000000000000003,0,0.70000000000000007,0.69000000000000006,0.62,2,0,0.89000000000000001,1.3400000000000001
Own-production food share (% total cons.),0,0.02,0.050000000000000003,0.080000000000000002,0.050000000000000003,0.089999999999999997,0.12,0.02,0.029999999999999999,0.02,0.089999999999999997,0.089999999999999997,0.02,0.029999999999999999
Poor at $3.00/day (2017 PPP),0,0.11,0.23999999999999999,0.32000000000000001,0.25,0.35999999999999999,0.37,0.19,0.28999999999999998,0.17999999999999999,0.38,0.46000000000000002,0.12,0.23999999999999999
Poor at $4.20/day (2017 PPP),0.040000000000000001,0.35000000000000003,0.51000000000000001,0.60999999999999999,0.51000000000000001,0.57999999999999996,0.60999999999999999,0.41999999999999998,0.53000000000000003,0.39000000000000001,0.70999999999999996,0.67000000000000004,0.26000000000000001,0.53000000000000003
Proxy: owns gas/electric cooker (cuisin),0.14999999999999999,0,0.01,0,0.01,0,0.01,0.02,0.01,0.02,0,0,0.029999999999999999,0.029999999999999999
Safe drinking water – dry season,0.96999999999999997,0.53000000000000003,0.75,0.95999999999999996,0.88,0.73999999999999999,0.37,0.95000000000000007,0.87,0.93000000000000005,0.40000000000000002,0.64000000000000001,0.92000000000000004,0.56000000000000005
Sanitary toilet facility,0.94000000000000006,0.85999999999999999,0.67000000000000004,0.46000000000000002,0.56000000000000005,0.23000000000000001,0.13,0.56000000000000005,0.45000000000000001,0.48999999999999999,0.20000000000000001,0.26000000000000001,0.56000000000000005,0.47999999999999998
Tropical Livestock Units (TLU),0.14000000000000001,0.82000000000000006,3.3700000000000001,2.3700000000000001,2.3599999999999999,2.77,4.4000000000000004,7.6000000000000005,4.6399999999999997,3.1600000000000001,1.4000000000000001,3.8200000000000003,0.85999999999999999,0.77000000000000002
Uses grid electricity,0.95000000000000007,0.70999999999999996,0.51000000000000001,0.41999999999999998,0.60999999999999999,0.20999999999999999,0.29999999999999999,0.48999999999999999,0.48999999999999999,0.68000000000000005,0.39000000000000001,0.37,0.70000000000000007,0.67000000000000004
Uses solar/generator electricity,0.040000000000000001,0.089999999999999997,0.23999999999999999,0.25,0.20000000000000001,0.33000000000000002,0.23000000000000001,0.17000000000000001,0.070000000000000007,0.10000000000000001,0.35999999999999999,0.16,0.20000000000000001,0.22
Wage-employed (% of employed),0.5,0.22,0.16,0.13,0.20000000000000001,0.23999999999999999,0.12,0.20999999999999999,0.14999999999999999,0.28999999999999998,0.12,0.23999999999999999,0.35000000000000003,0.38
npoor300,0.02,0.35000000000000003,0.32000000000000001,0.33000000000000002,0.45000000000000001,0.089999999999999997,0.40000000000000002,0.27000000000000002,0.25,0.27000000000000002,0.28999999999999998,0.48999999999999999,0.39000000000000001,0.20999999999999999
npoor420,0.23999999999999999,0.90000000000000002,0.62,0.55000000000000004,0.79000000000000004,0.14000000000000001,0.60999999999999999,0.57999999999999996,0.45000000000000001,0.56000000000000005,0.47999999999999998,0.70000000000000007,0.81000000000000005,0.45000000000000001
≥1 HH member has health coverage (proxy social protection),0.11,0.01,0.029999999999999999,0.029999999999999999,0.02,0.02,0.029999999999999999,0.02,0.01,0.050000000000000003,0.01,0.01,0.029999999999999999,0.029999999999999999
