ref_area,sheet,column,cut_id,GEO,URBANISATION,COMP_BREAKDOWN,action,notes
SEN,National,estimateTotal,TOTAL,,,,MAP,
SEN,National,estimateCapital,URB,,CAP,,MAP,
SEN,National,estimateOther_Urban,URB,,OU,,MAP,
SEN,National,estimateRural,URB,,R,,MAP,
SEN,National,estimateFemale_HH,HHH_SEX,,,HHH_SEX_F,MAP,
SEN,National,estimateMale_HH,HHH_SEX,,,HHH_SEX_M,MAP,
SEN,National,estimateYouth_HH,HHH_AGE,,,HHH_AGE_LT35,MAP,
SEN,National,estimateOlder_HH,HHH_AGE,,,HHH_AGE_GE35,MAP,
SEN,National,estimateQ1,QUINT,,,QUINT_Q1,MAP,
SEN,National,estimateQ2,QUINT,,,QUINT_Q2,MAP,
SEN,National,estimateQ3,QUINT,,,QUINT_Q3,MAP,
SEN,National,estimateQ4,QUINT,,,QUINT_Q4,MAP,
SEN,National,estimateQ5,QUINT,,,QUINT_Q5,MAP,
SEN,ADM 1,estimateDAKAR,ADM1,SN01,,,MAP,
SEN,ADM 1,estimateDIOURBEL,ADM1,SN02,,,MAP,
SEN,ADM 1,estimateFATICK,ADM1,SN03,,,MAP,
SEN,ADM 1,estimateKAFFRINE,ADM1,SN04,,,MAP,
SEN,ADM 1,estimateKAOLACK,ADM1,SN05,,,MAP,
SEN,ADM 1,estimateKEDOUGOU,ADM1,SN06,,,MAP,
SEN,ADM 1,estimateKOLDA,ADM1,SN07,,,MAP,
SEN,ADM 1,estimateLOUGA,ADM1,SN08,,,MAP,
SEN,ADM 1,estimateMATAM,ADM1,SN09,,,MAP,
SEN,ADM 1,estimateSAINT_LOUIS,ADM1,SN10,,,MAP,
SEN,ADM 1,estimateSEDHIOU,ADM1,SN11,,,MAP,
SEN,ADM 1,estimateTAMBACOUNDA,ADM1,SN12,,,MAP,
SEN,ADM 1,estimateTHIES,ADM1,SN13,,,MAP,
SEN,ADM 1,estimateZIGUINCHOR,ADM1,SN14,,,MAP,
SEN,ZAE,estimateDakar,ZONES,SN_ZONES01,,,MAP,
SEN,ZAE,estimateKaolack_Fatick_Kaffrine,ZONES,SN_ZONES02,,,MAP,
SEN,ZAE,estimateKedougou,ZONES,SN_ZONES03,,,MAP,
SEN,ZAE,estimateSaint_Louis_Matam,ZONES,SN_ZONES04,,,MAP,
SEN,ZAE,estimateThies_Diourbel_Louga,ZONES,SN_ZONES05,,,MAP,
SEN,ZAE,estimateZiguinchor_Tamba_Kolda_S,ZONES,SN_ZONES06,,,MAP,
SEN,Departement,estimateDAKAR,,,,,SKIP,
SEN,Departement,estimateDIOURBEL,,,,,SKIP,
SEN,Departement,estimateFATICK,,,,,SKIP,
SEN,Departement,estimateKAFFRINE,,,,,SKIP,
SEN,Departement,estimateKAOLACK,,,,,SKIP,
SEN,Departement,estimateKEDOUGOU,,,,,SKIP,
SEN,Departement,estimateKOLDA,,,,,SKIP,
SEN,Departement,estimateLOUGA,,,,,SKIP,
SEN,Departement,estimateMATAM,,,,,SKIP,
SEN,Departement,estimateSAINT_LOUIS,,,,,SKIP,
SEN,Departement,estimateSEDHIOU,,,,,SKIP,
SEN,Departement,estimateTAMBACOUNDA,,,,,SKIP,
SEN,Departement,estimateTHIES,,,,,SKIP,
SEN,Departement,estimateZIGUINCHOR,,,,,SKIP,
GNB,National,estimateTotal,TOTAL,,,,MAP,
GNB,National,estimateCapital,URB,,CAP,,MAP,
GNB,National,estimateOther_Urban,URB,,OU,,MAP,
GNB,National,estimateRural,URB,,R,,MAP,
GNB,National,estimateFemale_HH,HHH_SEX,,,HHH_SEX_F,MAP,
GNB,National,estimateMale_HH,HHH_SEX,,,HHH_SEX_M,MAP,
GNB,National,estimateYouth_HH,HHH_AGE,,,HHH_AGE_LT35,MAP,
GNB,National,estimateOlder_HH,HHH_AGE,,,HHH_AGE_GE35,MAP,
GNB,National,estimateQ1,QUINT,,,QUINT_Q1,MAP,
GNB,National,estimateQ2,QUINT,,,QUINT_Q2,MAP,
GNB,National,estimateQ3,QUINT,,,QUINT_Q3,MAP,
GNB,National,estimateQ4,QUINT,,,QUINT_Q4,MAP,
GNB,National,estimateQ5,QUINT,,,QUINT_Q5,MAP,
GNB,ADM 1,estimateBafatá,ADM1,GW01,,,MAP,
GNB,ADM 1,estimateBiombo,ADM1,GW02,,,MAP,
GNB,ADM 1,estimateBolama_Bijagós,ADM1,GW03,,,MAP,
GNB,ADM 1,estimateCacheu,ADM1,GW04,,,MAP,
GNB,ADM 1,estimateGabú,ADM1,GW05,,,MAP,
GNB,ADM 1,estimateOio,ADM1,GW06,,,MAP,
GNB,ADM 1,estimateQuinara,ADM1,GW07,,,MAP,
GNB,ADM 1,estimateSAB,ADM1,GW08,,,MAP,
GNB,ADM 1,estimateTombali,ADM1,GW09,,,MAP,
GNB,ZAE,estimateZona_Plana_de_Centro_Bis,AEZ,GW_AEZ01,,,MAP,
GNB,ZAE,estimateZonas_Costeiras_do_Sul,AEZ,GW_AEZ02,,,MAP,
GNB,ZAE,estimateZonas_Montanhosas_de_Les,AEZ,GW_AEZ03,,,MAP,
GNB,ZAE,estimateZonas_Planas_de_Norte,AEZ,GW_AEZ04,,,MAP,
