series_id,ref_area,INDICATOR,MEASURE_QUALS,DEFINING_BREAKDOWN,status,notes
AGR_CULTIVATES,ALL,AGR_CULTIVATES,,,DRAFT,
AGR_CULT_AREA,ALL,AGR_CULT_AREA,,,DRAFT,H19
AGR_LIVESTOCK_ANY,ALL,AGR_LIVESTOCK_ANY,,,DRAFT,
AGR_TLU,ALL,AGR_TLU,,,DRAFT,
CONS_SH.COICOP_CP01,ALL,CONS_SH,COICOP_CP01,,DRAFT,
CONS_SH.COICOP_CP01.ACQ_OWNPROD,ALL,CONS_SH,COICOP_CP01 ACQ_OWNPROD,,DRAFT,H2
CONS_SH.COICOP_CP01.ACQ_PURCH,ALL,CONS_SH,COICOP_CP01 ACQ_PURCH,,DRAFT,H2
CONS_SH.COICOP_CP02,ALL,CONS_SH,COICOP_CP02,,DRAFT,
CONS_SH.COICOP_CP03,ALL,CONS_SH,COICOP_CP03,,DRAFT,
CONS_SH.COICOP_CP04,ALL,CONS_SH,COICOP_CP04,,DRAFT,
CONS_SH.COICOP_CP05,ALL,CONS_SH,COICOP_CP05,,DRAFT,
CONS_SH.COICOP_CP06,ALL,CONS_SH,COICOP_CP06,,DRAFT,
CONS_SH.COICOP_CP07,ALL,CONS_SH,COICOP_CP07,,DRAFT,
CONS_SH.COICOP_CP08,ALL,CONS_SH,COICOP_CP08,,DRAFT,
CONS_SH.COICOP_CP09,ALL,CONS_SH,COICOP_CP09,,DRAFT,
CONS_SH.COICOP_CP10,ALL,CONS_SH,COICOP_CP10,,DRAFT,
CONS_SH.COICOP_CP11,ALL,CONS_SH,COICOP_CP11,,DRAFT,
CONS_SH.COICOP_CP12,ALL,CONS_SH,COICOP_CP12,,DRAFT,
CONS_SH.COICOP_CP13,ALL,CONS_SH,COICOP_CP13,,DRAFT,
EN_ASSET_AC,ALL,EN_ASSET_AC,,,DRAFT,
EN_ASSET_COOKER,ALL,EN_ASSET_COOKER,,,DRAFT,H9
EN_ASSET_FAN,ALL,EN_ASSET_FAN,,,DRAFT,
EN_ASSET_WATER_HEATER,ALL,EN_ASSET_WATER_HEATER,,,DRAFT,
EN_COOK_BIOMASS,ALL,EN_COOK_BIOMASS,,,DRAFT,
EN_COOK_CLEAN,ALL,EN_COOK_CLEAN,,,DRAFT,H9
EN_ELEC_ACCESS,ALL,EN_ELEC_ACCESS,,,DRAFT,H7
EN_ELEC_INFORMAL,ALL,EN_ELEC_INFORMAL,,,DRAFT,
EN_ELEC_SPEND,ALL,EN_ELEC_SPEND,,,DRAFT,
EN_GRID_CONN,ALL,EN_GRID_CONN,,,DRAFT,H7
EN_GRID_USE,ALL,EN_GRID_USE,,,DRAFT,H7
EN_LIGHT_IMPROVED,ALL,EN_LIGHT_IMPROVED,,,DRAFT,
EN_OFFGRID_USE,ALL,EN_OFFGRID_USE,,,DRAFT,
EN_OUTAGE_ANY,ALL,EN_OUTAGE_ANY,,,DRAFT,
EN_OUTAGE_DAYS,ALL,EN_OUTAGE_DAYS,,,DRAFT,
EN_OUTAGE_DUR_CODE,ALL,EN_OUTAGE_DUR_CODE,,,DRAFT,H8
EN_PREPAID_METER,ALL,EN_PREPAID_METER,,,DRAFT,
HE_ACCOUNTS,ALL,HE_ACCOUNTS,,,DRAFT,
HE_AGE,ALL,HE_AGE,,,DRAFT,
HE_BUY_FIRMS,ALL,HE_BUY_FIRMS,,,DRAFT,
HE_CAPITAL,ALL,HE_CAPITAL,,,DRAFT,
HE_COSTS,ALL,HE_COSTS,,,DRAFT,
HE_CREDIT_ANY,ALL,HE_CREDIT_ANY,,,DRAFT,
HE_CREDIT_FORMAL,ALL,HE_CREDIT_FORMAL,,,DRAFT,
HE_CREDIT_INFORMAL,ALL,HE_CREDIT_INFORMAL,,,DRAFT,
HE_ELEC,ALL,HE_ELEC,,,DRAFT,
HE_EMP_EXT_ANY,ALL,HE_EMP_EXT_ANY,,,DRAFT,H12
HE_EMP_HH_NUM,ALL,HE_EMP_HH_NUM,,,DRAFT,
HE_EMP_NONHH_NUM,ALL,HE_EMP_NONHH_NUM,,,DRAFT,
HE_EMP_NUM,ALL,HE_EMP_NUM,,,DRAFT,H12
HE_HH_OWNER,ALL,HE_HH_OWNER,,,DRAFT,H10
HE_HOME_BASED,ALL,HE_HOME_BASED,,,DRAFT,
HE_PHONE,ALL,HE_PHONE,,,DRAFT,
HE_PREMISES_FORMAL,ALL,HE_PREMISES_FORMAL,,,DRAFT,
HE_PROFIT,ALL,HE_PROFIT,,,DRAFT,
HE_RENT,ALL,HE_RENT,,,DRAFT,
HE_REV_PER_WORKER,ALL,HE_REV_PER_WORKER,,,DRAFT,
HE_SELL_FIRMS,ALL,HE_SELL_FIRMS,,,DRAFT,
HE_TAX_ID,ALL,HE_TAX_ID,,,DRAFT,
HE_WATER,ALL,HE_WATER,,,DRAFT,
HOUS_FLOOR_DURABLE,ALL,HOUS_FLOOR_DURABLE,,,DRAFT,
HOUS_ROOF_DURABLE,ALL,HOUS_ROOF_DURABLE,,,DRAFT,
HOUS_SANIT_IMPROVED,ALL,HOUS_SANIT_IMPROVED,,,DRAFT,
HOUS_WALL_DURABLE,ALL,HOUS_WALL_DURABLE,,,DRAFT,
HOUS_WATER_SAFE_DRY,ALL,HOUS_WATER_SAFE_DRY,,,DRAFT,
POP_HE_SH.HEO_MSTAT_MARRIED,ALL,POP_HE_SH,,HEO_MSTAT_MARRIED,DRAFT,H11
POP_HE_SH.HEO_SEX_F,ALL,POP_HE_SH,,HEO_SEX_F,DRAFT,H11
POP_HH_SH.HE_COUNT_0,ALL,POP_HH_SH,,HE_COUNT_0,DRAFT,
POP_HH_SH.HE_COUNT_1,ALL,POP_HH_SH,,HE_COUNT_1,DRAFT,
POP_HH_SH.HE_COUNT_2,ALL,POP_HH_SH,,HE_COUNT_2,DRAFT,
POP_HH_SH.HE_COUNT_3,ALL,POP_HH_SH,,HE_COUNT_3,DRAFT,
POP_HH_SH.HE_COUNT_4P,ALL,POP_HH_SH,,HE_COUNT_4P,DRAFT,
POP_SH.EMP_FORMAL_N,ALL,POP_SH,,EMP_FORMAL_N,DRAFT,H6
POP_SH.EMP_ISIC_G,ALL,POP_SH,,EMP_ISIC_G,DRAFT,H5
POP_SH.EMP_ISIC_H,ALL,POP_SH,,EMP_ISIC_H,DRAFT,H5
POP_SH.EMP_SECTOR_AGR,ALL,POP_SH,,EMP_SECTOR_AGR,DRAFT,
POP_SH.EMP_SECTOR_IND,ALL,POP_SH,,EMP_SECTOR_IND,DRAFT,
POP_SH.EMP_SECTOR_SER,ALL,POP_SH,,EMP_SECTOR_SER,DRAFT,
POP_SH.EMP_STATUS_EMPLOYED,ALL,POP_SH,,EMP_STATUS_EMPLOYED,DRAFT,
POP_SH.EMP_TYPE_NONWAGE,ALL,POP_SH,,EMP_TYPE_NONWAGE,DRAFT,H3
POP_SH.EMP_TYPE_WAGE,ALL,POP_SH,,EMP_TYPE_WAGE,DRAFT,H3
POV_HC.POVLINE_PL300.PPP_2021,ALL,POV_HC,POVLINE_PL300 PPP_2021,,DRAFT,
POV_HC.POVLINE_PL420.PPP_2021,ALL,POV_HC,POVLINE_PL420 PPP_2021,,DRAFT,
POV_NUM.POVLINE_PL300.PPP_2021,ALL,POV_NUM,POVLINE_PL300 PPP_2021,,DRAFT,
POV_NUM.POVLINE_PL420.PPP_2021,ALL,POV_NUM,POVLINE_PL420 PPP_2021,,DRAFT,
SHK_ANY,ALL,SHK_ANY,,,DRAFT,
SHK_COV_CONFLICT,ALL,SHK_COV_CONFLICT,,,DRAFT,
SHK_COV_ECON,ALL,SHK_COV_ECON,,,DRAFT,
SHK_COV_NATURAL,ALL,SHK_COV_NATURAL,,,DRAFT,
SHK_IDIO_ECON,ALL,SHK_IDIO_ECON,,,DRAFT,
SP_HEALTH_COV,ALL,SP_HEALTH_COV,,,DRAFT,
SP_HEALTH_COV_HH,ALL,SP_HEALTH_COV_HH,,,DRAFT,H13
